rowid,GameId,CardName,CardId,Played,Quant,DeckLocation
1,1,Runick Destruction,94445733,True,1,0
2,1,Lady Labrynth of the Silver Castle,81497285,True,3,0
3,1,Welcome Labrynth,5380979,True,3,0
4,1,Dimension Shifter,91800273,True,3,0
5,1,Solemn Strike,40605147,True,3,0
6,1,Lost Wind,74003290,True,2,0
7,1,Simultaneous Equation Cannons,25096909,True,3,0
8,1,Big Welcome Labrynth,92714517,True,3,0
9,1,Destructive Daruma Karma Cannon,30748475,True,3,0
10,1,Ice Dragon's Prison,20899496,True,2,0
11,1,Starry Dragon's Cycle,6278008,True,2,0
12,1,Dimensional Barrier,83326048,True,2,0
13,1,Terrors of the Overroot,63086455,False,2,0
14,1,Runick Flashing Fire,68957034,False,1,0
15,1,Trap Trick,80101899,False,3,0
16,1,Runick Freezing Curses,30430448,False,1,0
17,1,Lovely Labrynth of the Silver Castle,2347656,False,1,0
18,1,Weighbridge,39103226,False,2,0
19,1,Geri the Runick Fangs,28373620,True,1,1
20,1,The Last Warrior from Another Planet,86099788,False,1,1
21,1,Number S39: Utopia the Lightning,56832966,False,1,1
22,1,Freki the Runick Fangs,47219274,False,1,1
23,1,Cyber Dragon Nova,58069384,False,1,1
24,1,Number 39: Utopia,84013237,False,1,1
25,1,Cyber Dragon Infinity,10443957,False,1,1
26,1,"Garura, Wings of Resonant Life",11765832,False,1,1
27,1,Number C39: Utopia Ray,56840427,False,1,1
28,1,Hugin the Runick Wings,55990317,False,1,1
29,1,Thousand-Eyes Restrict,63519819,False,1,1
30,1,Munin the Runick Wings,92385016,False,1,1
31,1,Dhampir Vampire Sheridan,32302078,False,1,1
32,1,D/D/D Stone King Darius,51497409,True,1,1
33,1,Xyz Armor Torpedo,94151981,True,1,1
34,2,Mulcharmy Fuwaross,42141493,True,3,0
35,2,Sinful Spoils Deception,66328392,True,3,0
36,2,Bonfire,85106525,True,3,0
37,2,Snake-Eyes Poplar,90241276,True,1,0
38,2,Diabellstar the Black Witch,72270339,True,3,0
39,2,WANTED: Seeker of Sinful Spoils,80845034,True,3,0
40,2,Snake-Eye Ash,9674034,True,1,0
41,2,Fire King Sky Burn,91703676,False,1,0
42,2,Fire King High Avatar Kirin,2526224,True,2,0
43,2,Sacred Azamina,94845588,True,1,0
44,2,Infinite Impermanence,10045474,True,3,0
45,2,Called by the Grave,24224830,True,1,0
46,2,Snake-Eyes Diabellstar,27260347,False,1,0
47,2,Legendary Fire King Ponix,90681088,True,1,0
48,2,Fire King High Avatar Garunix,23015896,False,1,0
49,2,Fire King Island,57554544,False,1,0
50,2,Dominus Impulse,40366667,False,3,0
51,2,Snake-Eye Oak,45663742,True,1,0
52,2,Fire King Avatar Arvata,18621798,False,1,0
53,2,Original Sinful Spoils - Snake-Eye,89023486,False,1,0
54,2,Ash Blossom & Joyous Spring,14558128,False,3,0
55,2,Divine Temple of the Snake-Eye,53639887,False,1,0
56,2,Snake-Eyes Flamberge Dragon,48452496,False,1,0
57,2,Triple Tactics Talent,25311006,False,1,0
58,2,Sacred Fire King Garunix,66431519,False,1,0
59,2,Fire King Sanctuary,65305978,False,1,0
60,2,Fire King Consort Ulkanix,44455560,False,2,0
61,2,"Garunix Eternity, Hyang of the Fire Kings",64182380,False,1,1
62,2,"Dharc the Dark Charmer, Gloomy",8264361,True,1,1
63,2,S:P Little Knight,29301450,True,1,1
64,2,Knightmare Phoenix,2857636,False,1,1
65,2,Accesscode Talker,86066372,False,1,1
66,2,"Promethean Princess, Bestower of Flames",2772337,False,2,1
67,2,I:P Masquerena,65741786,False,1,1
68,2,Salamangreat Raging Phoenix,57134592,False,1,1
69,2,Amphibious Swarmship Amblowhale,20665527,False,1,1
70,2,Azamina Rhea Silvera,46396218,True,1,1
71,2,Azamina Mu Rcielago,73391962,False,1,1
72,2,"Hiita the Fire Charmer, Ablaze",48815792,True,1,1
73,2,Relinquished Anima,94259633,True,1,1
74,2,Salamangreat Sunlight Wolf,87871125,False,1,1
75,3,Mulcharmy Fuwaross,42141493,True,3,0
76,3,Sinful Spoils Deception,66328392,True,3,0
77,3,Bonfire,85106525,True,3,0
78,3,Snake-Eyes Poplar,90241276,True,1,0
79,3,Diabellstar the Black Witch,72270339,True,3,0
80,3,WANTED: Seeker of Sinful Spoils,80845034,True,3,0
81,3,Snake-Eye Ash,9674034,True,1,0
82,3,Fire King Sky Burn,91703676,False,1,0
83,3,Fire King High Avatar Kirin,2526224,True,2,0
84,3,Sacred Azamina,94845588,True,1,0
85,3,Infinite Impermanence,10045474,True,3,0
86,3,Called by the Grave,24224830,True,1,0
87,3,Snake-Eyes Diabellstar,27260347,True,1,0
88,3,Legendary Fire King Ponix,90681088,True,1,0
89,3,Fire King High Avatar Garunix,23015896,True,1,0
90,3,Fire King Island,57554544,True,1,0
91,3,Dominus Impulse,40366667,True,3,0
92,3,Snake-Eye Oak,45663742,True,1,0
93,3,Fire King Avatar Arvata,18621798,True,1,0
94,3,Original Sinful Spoils - Snake-Eye,89023486,True,1,0
95,3,Ash Blossom & Joyous Spring,14558128,True,3,0
96,3,Divine Temple of the Snake-Eye,53639887,True,1,0
97,3,Snake-Eyes Flamberge Dragon,48452496,True,1,0
98,3,Triple Tactics Talent,25311006,True,1,0
99,3,Sacred Fire King Garunix,66431519,True,1,0
100,3,Fire King Sanctuary,65305978,False,1,0
101,3,Fire King Consort Ulkanix,44455560,True,2,0
102,3,"Garunix Eternity, Hyang of the Fire Kings",64182380,False,1,1
103,3,"Dharc the Dark Charmer, Gloomy",8264361,False,1,1
104,3,S:P Little Knight,29301450,False,1,1
105,3,Knightmare Phoenix,2857636,False,1,1
106,3,Accesscode Talker,86066372,False,1,1
107,3,"Promethean Princess, Bestower of Flames",2772337,False,2,1
108,3,I:P Masquerena,65741786,False,1,1
109,3,Salamangreat Raging Phoenix,57134592,False,1,1
110,3,Amphibious Swarmship Amblowhale,20665527,False,1,1
111,3,Azamina Rhea Silvera,46396218,False,1,1
112,3,Azamina Mu Rcielago,73391962,True,1,1
113,3,"Hiita the Fire Charmer, Ablaze",48815792,False,1,1
114,3,Relinquished Anima,94259633,True,1,1
115,3,Salamangreat Sunlight Wolf,87871125,False,1,1
116,4,Runick Destruction,94445733,True,1,0
117,4,Lady Labrynth of the Silver Castle,81497285,True,3,0
118,4,Welcome Labrynth,5380979,True,3,0
119,4,Dimension Shifter,91800273,True,3,0
120,4,Solemn Strike,40605147,True,3,0
121,4,Lost Wind,74003290,True,2,0
122,4,Simultaneous Equation Cannons,25096909,True,3,0
123,4,Big Welcome Labrynth,92714517,True,3,0
124,4,Destructive Daruma Karma Cannon,30748475,True,3,0
125,4,Ice Dragon's Prison,20899496,True,2,0
126,4,Starry Dragon's Cycle,6278008,True,2,0
127,4,Dimensional Barrier,83326048,True,2,0
128,4,Terrors of the Overroot,63086455,False,2,0
129,4,Runick Flashing Fire,68957034,False,1,0
130,4,Trap Trick,80101899,False,3,0
131,4,Runick Freezing Curses,30430448,False,1,0
132,4,Lovely Labrynth of the Silver Castle,2347656,True,1,0
133,4,Weighbridge,39103226,False,2,0
134,4,Geri the Runick Fangs,28373620,False,1,1
135,4,The Last Warrior from Another Planet,86099788,False,1,1
136,4,Number S39: Utopia the Lightning,56832966,False,1,1
137,4,Freki the Runick Fangs,47219274,True,1,1
138,4,Cyber Dragon Nova,58069384,False,1,1
139,4,Number 39: Utopia,84013237,False,1,1
140,4,Cyber Dragon Infinity,10443957,False,1,1
141,4,"Garura, Wings of Resonant Life",11765832,False,1,1
142,4,Number C39: Utopia Ray,56840427,False,1,1
143,4,Hugin the Runick Wings,55990317,False,1,1
144,4,Thousand-Eyes Restrict,63519819,False,1,1
145,4,Munin the Runick Wings,92385016,False,1,1
146,4,Dhampir Vampire Sheridan,32302078,False,1,1
147,4,D/D/D Stone King Darius,51497409,True,1,1
148,4,Xyz Armor Torpedo,94151981,True,1,1
149,5,Runick Destruction,94445733,True,1,0
150,5,Lady Labrynth of the Silver Castle,81497285,True,3,0
151,5,Welcome Labrynth,5380979,True,3,0
152,5,Dimension Shifter,91800273,True,3,0
153,5,Solemn Strike,40605147,True,3,0
154,5,Lost Wind,74003290,True,2,0
155,5,Simultaneous Equation Cannons,25096909,True,3,0
156,5,Big Welcome Labrynth,92714517,True,3,0
157,5,Destructive Daruma Karma Cannon,30748475,True,3,0
158,5,Ice Dragon's Prison,20899496,True,2,0
159,5,Starry Dragon's Cycle,6278008,True,2,0
160,5,Dimensional Barrier,83326048,True,2,0
161,5,Terrors of the Overroot,63086455,False,2,0
162,5,Runick Flashing Fire,68957034,False,1,0
163,5,Trap Trick,80101899,False,3,0
164,5,Runick Freezing Curses,30430448,False,1,0
165,5,Lovely Labrynth of the Silver Castle,2347656,True,1,0
166,5,Weighbridge,39103226,False,2,0
167,5,Geri the Runick Fangs,28373620,False,1,1
168,5,The Last Warrior from Another Planet,86099788,False,1,1
169,5,Number S39: Utopia the Lightning,56832966,True,1,1
170,5,Freki the Runick Fangs,47219274,True,1,1
171,5,Cyber Dragon Nova,58069384,True,1,1
172,5,Number 39: Utopia,84013237,True,1,1
173,5,Cyber Dragon Infinity,10443957,False,1,1
174,5,"Garura, Wings of Resonant Life",11765832,False,1,1
175,5,Number C39: Utopia Ray,56840427,True,1,1
176,5,Hugin the Runick Wings,55990317,False,1,1
177,5,Thousand-Eyes Restrict,63519819,True,1,1
178,5,Munin the Runick Wings,92385016,True,1,1
179,5,Dhampir Vampire Sheridan,32302078,False,1,1
180,5,D/D/D Stone King Darius,51497409,False,1,1
181,5,Xyz Armor Torpedo,94151981,False,1,1
182,6,Mulcharmy Fuwaross,42141493,True,3,0
183,6,Sinful Spoils Deception,66328392,True,3,0
184,6,Bonfire,85106525,True,3,0
185,6,Snake-Eyes Poplar,90241276,True,1,0
186,6,Diabellstar the Black Witch,72270339,True,3,0
187,6,WANTED: Seeker of Sinful Spoils,80845034,True,3,0
188,6,Snake-Eye Ash,9674034,True,1,0
189,6,Fire King Sky Burn,91703676,True,1,0
190,6,Fire King High Avatar Kirin,2526224,True,2,0
191,6,Sacred Azamina,94845588,True,1,0
192,6,Infinite Impermanence,10045474,True,3,0
193,6,Called by the Grave,24224830,True,1,0
194,6,Snake-Eyes Diabellstar,27260347,False,1,0
195,6,Legendary Fire King Ponix,90681088,False,1,0
196,6,Fire King High Avatar Garunix,23015896,False,1,0
197,6,Fire King Island,57554544,False,1,0
198,6,Dominus Impulse,40366667,False,3,0
199,6,Snake-Eye Oak,45663742,True,1,0
200,6,Fire King Avatar Arvata,18621798,False,1,0
201,6,Original Sinful Spoils - Snake-Eye,89023486,False,1,0
202,6,Ash Blossom & Joyous Spring,14558128,False,3,0
203,6,Divine Temple of the Snake-Eye,53639887,False,1,0
204,6,Snake-Eyes Flamberge Dragon,48452496,False,1,0
205,6,Triple Tactics Talent,25311006,False,1,0
206,6,Sacred Fire King Garunix,66431519,False,1,0
207,6,Fire King Sanctuary,65305978,False,1,0
208,6,Fire King Consort Ulkanix,44455560,False,2,0
209,6,"Garunix Eternity, Hyang of the Fire Kings",64182380,False,1,1
210,6,"Dharc the Dark Charmer, Gloomy",8264361,True,1,1
211,6,S:P Little Knight,29301450,True,1,1
212,6,Knightmare Phoenix,2857636,True,1,1
213,6,Accesscode Talker,86066372,False,1,1
214,6,"Promethean Princess, Bestower of Flames",2772337,True,2,1
215,6,I:P Masquerena,65741786,False,1,1
216,6,Salamangreat Raging Phoenix,57134592,False,1,1
217,6,Amphibious Swarmship Amblowhale,20665527,False,1,1
218,6,Azamina Rhea Silvera,46396218,True,1,1
219,6,Azamina Mu Rcielago,73391962,True,1,1
220,6,"Hiita the Fire Charmer, Ablaze",48815792,True,1,1
221,6,Relinquished Anima,94259633,True,1,1
222,6,Salamangreat Sunlight Wolf,87871125,True,1,1
223,7,Runick Destruction,94445733,True,1,0
224,7,Lady Labrynth of the Silver Castle,81497285,True,3,0
225,7,Welcome Labrynth,5380979,True,3,0
226,7,Dimension Shifter,91800273,True,3,0
227,7,Solemn Strike,40605147,True,3,0
228,7,Lost Wind,74003290,True,2,0
229,7,Simultaneous Equation Cannons,25096909,True,3,0
230,7,Big Welcome Labrynth,92714517,True,3,0
231,7,Destructive Daruma Karma Cannon,30748475,True,3,0
232,7,Ice Dragon's Prison,20899496,True,2,0
233,7,Starry Dragon's Cycle,6278008,False,2,0
234,7,Dimensional Barrier,83326048,False,2,0
235,7,Terrors of the Overroot,63086455,False,2,0
236,7,Runick Flashing Fire,68957034,False,1,0
237,7,Trap Trick,80101899,False,3,0
238,7,Runick Freezing Curses,30430448,False,1,0
239,7,Lovely Labrynth of the Silver Castle,2347656,True,1,0
240,7,Weighbridge,39103226,False,2,0
241,7,Geri the Runick Fangs,28373620,False,1,1
242,7,The Last Warrior from Another Planet,86099788,False,1,1
243,7,Number S39: Utopia the Lightning,56832966,False,1,1
244,7,Freki the Runick Fangs,47219274,True,1,1
245,7,Cyber Dragon Nova,58069384,False,1,1
246,7,Number 39: Utopia,84013237,False,1,1
247,7,Cyber Dragon Infinity,10443957,False,1,1
248,7,"Garura, Wings of Resonant Life",11765832,False,1,1
249,7,Number C39: Utopia Ray,56840427,False,1,1
250,7,Hugin the Runick Wings,55990317,False,1,1
251,7,Thousand-Eyes Restrict,63519819,False,1,1
252,7,Munin the Runick Wings,92385016,False,1,1
253,7,Dhampir Vampire Sheridan,32302078,False,1,1
254,7,D/D/D Stone King Darius,51497409,False,1,1
255,7,Xyz Armor Torpedo,94151981,False,1,1
256,8,Mulcharmy Fuwaross,42141493,True,3,0
257,8,Sinful Spoils Deception,66328392,True,3,0
258,8,Bonfire,85106525,True,3,0
259,8,Snake-Eyes Poplar,90241276,True,1,0
260,8,Diabellstar the Black Witch,72270339,True,3,0
261,8,WANTED: Seeker of Sinful Spoils,80845034,True,3,0
262,8,Snake-Eye Ash,9674034,True,1,0
263,8,Fire King Sky Burn,91703676,True,1,0
264,8,Fire King High Avatar Kirin,2526224,False,2,0
265,8,Sacred Azamina,94845588,True,1,0
266,8,Infinite Impermanence,10045474,False,3,0
267,8,Called by the Grave,24224830,False,1,0
268,8,Snake-Eyes Diabellstar,27260347,True,1,0
269,8,Legendary Fire King Ponix,90681088,False,1,0
270,8,Fire King High Avatar Garunix,23015896,False,1,0
271,8,Fire King Island,57554544,False,1,0
272,8,Dominus Impulse,40366667,False,3,0
273,8,Snake-Eye Oak,45663742,True,1,0
274,8,Fire King Avatar Arvata,18621798,False,1,0
275,8,Original Sinful Spoils - Snake-Eye,89023486,False,1,0
276,8,Ash Blossom & Joyous Spring,14558128,False,3,0
277,8,Divine Temple of the Snake-Eye,53639887,False,1,0
278,8,Snake-Eyes Flamberge Dragon,48452496,False,1,0
279,8,Triple Tactics Talent,25311006,False,1,0
280,8,Sacred Fire King Garunix,66431519,False,1,0
281,8,Fire King Sanctuary,65305978,False,1,0
282,8,Fire King Consort Ulkanix,44455560,False,2,0
283,8,"Garunix Eternity, Hyang of the Fire Kings",64182380,False,1,1
284,8,"Dharc the Dark Charmer, Gloomy",8264361,False,1,1
285,8,S:P Little Knight,29301450,False,1,1
286,8,Knightmare Phoenix,2857636,False,1,1
287,8,Accesscode Talker,86066372,False,1,1
288,8,"Promethean Princess, Bestower of Flames",2772337,False,2,1
289,8,I:P Masquerena,65741786,False,1,1
290,8,Salamangreat Raging Phoenix,57134592,False,1,1
291,8,Amphibious Swarmship Amblowhale,20665527,False,1,1
292,8,Azamina Rhea Silvera,46396218,True,1,1
293,8,Azamina Mu Rcielago,73391962,True,1,1
294,8,"Hiita the Fire Charmer, Ablaze",48815792,True,1,1
295,8,Relinquished Anima,94259633,False,1,1
296,8,Salamangreat Sunlight Wolf,87871125,False,1,1
297,9,Runick Destruction,94445733,True,1,0
298,9,Lady Labrynth of the Silver Castle,81497285,True,3,0
299,9,Welcome Labrynth,5380979,True,3,0
300,9,Dimension Shifter,91800273,True,3,0
301,9,Solemn Strike,40605147,True,3,0
302,9,Lost Wind,74003290,True,2,0
303,9,Simultaneous Equation Cannons,25096909,True,3,0
304,9,Big Welcome Labrynth,92714517,False,3,0
305,9,Destructive Daruma Karma Cannon,30748475,False,3,0
306,9,Ice Dragon's Prison,20899496,False,2,0
307,9,Starry Dragon's Cycle,6278008,False,2,0
308,9,Dimensional Barrier,83326048,False,2,0
309,9,Terrors of the Overroot,63086455,False,2,0
310,9,Runick Flashing Fire,68957034,False,1,0
311,9,Trap Trick,80101899,False,3,0
312,9,Runick Freezing Curses,30430448,False,1,0
313,9,Lovely Labrynth of the Silver Castle,2347656,False,1,0
314,9,Weighbridge,39103226,False,2,0
315,9,Geri the Runick Fangs,28373620,False,1,1
316,9,The Last Warrior from Another Planet,86099788,False,1,1
317,9,Number S39: Utopia the Lightning,56832966,False,1,1
318,9,Freki the Runick Fangs,47219274,False,1,1
319,9,Cyber Dragon Nova,58069384,False,1,1
320,9,Number 39: Utopia,84013237,False,1,1
321,9,Cyber Dragon Infinity,10443957,False,1,1
322,9,"Garura, Wings of Resonant Life",11765832,False,1,1
323,9,Number C39: Utopia Ray,56840427,False,1,1
324,9,Hugin the Runick Wings,55990317,False,1,1
325,9,Thousand-Eyes Restrict,63519819,False,1,1
326,9,Munin the Runick Wings,92385016,False,1,1
327,9,Dhampir Vampire Sheridan,32302078,False,1,1
328,9,D/D/D Stone King Darius,51497409,False,1,1
329,9,Xyz Armor Torpedo,94151981,False,1,1
330,10,Mulcharmy Fuwaross,42141493,True,3,0
331,10,Sinful Spoils Deception,66328392,True,3,0
332,10,Bonfire,85106525,True,3,0
333,10,Snake-Eyes Poplar,90241276,True,1,0
334,10,Diabellstar the Black Witch,72270339,True,3,0
335,10,WANTED: Seeker of Sinful Spoils,80845034,False,3,0
336,10,Snake-Eye Ash,9674034,False,1,0
337,10,Fire King Sky Burn,91703676,False,1,0
338,10,Fire King High Avatar Kirin,2526224,False,2,0
339,10,Sacred Azamina,94845588,True,1,0
340,10,Infinite Impermanence,10045474,False,3,0
341,10,Called by the Grave,24224830,False,1,0
342,10,Snake-Eyes Diabellstar,27260347,False,1,0
343,10,Legendary Fire King Ponix,90681088,False,1,0
344,10,Fire King High Avatar Garunix,23015896,False,1,0
345,10,Fire King Island,57554544,False,1,0
346,10,Dominus Impulse,40366667,False,3,0
347,10,Snake-Eye Oak,45663742,True,1,0
348,10,Fire King Avatar Arvata,18621798,False,1,0
349,10,Original Sinful Spoils - Snake-Eye,89023486,False,1,0
350,10,Ash Blossom & Joyous Spring,14558128,False,3,0
351,10,Divine Temple of the Snake-Eye,53639887,False,1,0
352,10,Snake-Eyes Flamberge Dragon,48452496,False,1,0
353,10,Triple Tactics Talent,25311006,False,1,0
354,10,Sacred Fire King Garunix,66431519,False,1,0
355,10,Fire King Sanctuary,65305978,False,1,0
356,10,Fire King Consort Ulkanix,44455560,False,2,0
357,10,"Garunix Eternity, Hyang of the Fire Kings",64182380,False,1,1
358,10,"Dharc the Dark Charmer, Gloomy",8264361,False,1,1
359,10,S:P Little Knight,29301450,False,1,1
360,10,Knightmare Phoenix,2857636,False,1,1
361,10,Accesscode Talker,86066372,False,1,1
362,10,"Promethean Princess, Bestower of Flames",2772337,False,2,1
363,10,I:P Masquerena,65741786,True,1,1
364,10,Salamangreat Raging Phoenix,57134592,False,1,1
365,10,Amphibious Swarmship Amblowhale,20665527,False,1,1
366,10,Azamina Rhea Silvera,46396218,True,1,1
367,10,Azamina Mu Rcielago,73391962,False,1,1
368,10,"Hiita the Fire Charmer, Ablaze",48815792,True,1,1
369,10,Relinquished Anima,94259633,False,1,1
370,10,Salamangreat Sunlight Wolf,87871125,False,1,1
371,11,Runick Destruction,94445733,True,1,0
372,11,Lady Labrynth of the Silver Castle,81497285,True,3,0
373,11,Welcome Labrynth,5380979,True,3,0
374,11,Dimension Shifter,91800273,True,3,0
375,11,Solemn Strike,40605147,True,3,0
376,11,Lost Wind,74003290,True,2,0
377,11,Simultaneous Equation Cannons,25096909,True,3,0
378,11,Big Welcome Labrynth,92714517,True,3,0
379,11,Destructive Daruma Karma Cannon,30748475,True,3,0
380,11,Ice Dragon's Prison,20899496,True,2,0
381,11,Starry Dragon's Cycle,6278008,True,2,0
382,11,Dimensional Barrier,83326048,False,2,0
383,11,Terrors of the Overroot,63086455,False,2,0
384,11,Runick Flashing Fire,68957034,False,1,0
385,11,Trap Trick,80101899,False,3,0
386,11,Runick Freezing Curses,30430448,False,1,0
387,11,Lovely Labrynth of the Silver Castle,2347656,True,1,0
388,11,Weighbridge,39103226,False,2,0
389,11,Geri the Runick Fangs,28373620,False,1,1
390,11,The Last Warrior from Another Planet,86099788,False,1,1
391,11,Number S39: Utopia the Lightning,56832966,False,1,1
392,11,Freki the Runick Fangs,47219274,False,1,1
393,11,Cyber Dragon Nova,58069384,False,1,1
394,11,Number 39: Utopia,84013237,False,1,1
395,11,Cyber Dragon Infinity,10443957,False,1,1
396,11,"Garura, Wings of Resonant Life",11765832,False,1,1
397,11,Number C39: Utopia Ray,56840427,False,1,1
398,11,Hugin the Runick Wings,55990317,False,1,1
399,11,Thousand-Eyes Restrict,63519819,False,1,1
400,11,Munin the Runick Wings,92385016,True,1,1
401,11,Dhampir Vampire Sheridan,32302078,False,1,1
402,11,D/D/D Stone King Darius,51497409,False,1,1
403,11,Xyz Armor Torpedo,94151981,False,1,1
404,12,Mulcharmy Fuwaross,42141493,True,3,0
405,12,Sinful Spoils Deception,66328392,True,3,0
406,12,Bonfire,85106525,True,3,0
407,12,Snake-Eyes Poplar,90241276,True,1,0
408,12,Diabellstar the Black Witch,72270339,True,3,0
409,12,WANTED: Seeker of Sinful Spoils,80845034,True,3,0
410,12,Snake-Eye Ash,9674034,True,1,0
411,12,Fire King Sky Burn,91703676,True,1,0
412,12,Fire King High Avatar Kirin,2526224,False,2,0
413,12,Sacred Azamina,94845588,True,1,0
414,12,Infinite Impermanence,10045474,False,3,0
415,12,Called by the Grave,24224830,False,1,0
416,12,Snake-Eyes Diabellstar,27260347,False,1,0
417,12,Legendary Fire King Ponix,90681088,False,1,0
418,12,Fire King High Avatar Garunix,23015896,False,1,0
419,12,Fire King Island,57554544,False,1,0
420,12,Dominus Impulse,40366667,False,3,0
421,12,Snake-Eye Oak,45663742,True,1,0
422,12,Fire King Avatar Arvata,18621798,False,1,0
423,12,Original Sinful Spoils - Snake-Eye,89023486,False,1,0
424,12,Ash Blossom & Joyous Spring,14558128,False,3,0
425,12,Divine Temple of the Snake-Eye,53639887,False,1,0
426,12,Snake-Eyes Flamberge Dragon,48452496,False,1,0
427,12,Triple Tactics Talent,25311006,False,1,0
428,12,Sacred Fire King Garunix,66431519,False,1,0
429,12,Fire King Sanctuary,65305978,False,1,0
430,12,Fire King Consort Ulkanix,44455560,False,2,0
431,12,"Garunix Eternity, Hyang of the Fire Kings",64182380,False,1,1
432,12,"Dharc the Dark Charmer, Gloomy",8264361,False,1,1
433,12,S:P Little Knight,29301450,True,1,1
434,12,Knightmare Phoenix,2857636,True,1,1
435,12,Accesscode Talker,86066372,False,1,1
436,12,"Promethean Princess, Bestower of Flames",2772337,True,2,1
437,12,I:P Masquerena,65741786,False,1,1
438,12,Salamangreat Raging Phoenix,57134592,False,1,1
439,12,Amphibious Swarmship Amblowhale,20665527,False,1,1
440,12,Azamina Rhea Silvera,46396218,True,1,1
441,12,Azamina Mu Rcielago,73391962,False,1,1
442,12,"Hiita the Fire Charmer, Ablaze",48815792,True,1,1
443,12,Relinquished Anima,94259633,False,1,1
444,12,Salamangreat Sunlight Wolf,87871125,False,1,1
445,13,Mulcharmy Fuwaross,42141493,True,3,0
446,13,Sinful Spoils Deception,66328392,True,3,0
447,13,Bonfire,85106525,True,3,0
448,13,Snake-Eyes Poplar,90241276,True,1,0
449,13,Diabellstar the Black Witch,72270339,True,3,0
450,13,WANTED: Seeker of Sinful Spoils,80845034,True,3,0
451,13,Snake-Eye Ash,9674034,False,1,0
452,13,Fire King Sky Burn,91703676,False,1,0
453,13,Fire King High Avatar Kirin,2526224,True,2,0
454,13,Sacred Azamina,94845588,True,1,0
455,13,Infinite Impermanence,10045474,True,3,0
456,13,Called by the Grave,24224830,True,1,0
457,13,Snake-Eyes Diabellstar,27260347,True,1,0
458,13,Legendary Fire King Ponix,90681088,True,1,0
459,13,Fire King High Avatar Garunix,23015896,False,1,0
460,13,Fire King Island,57554544,False,1,0
461,13,Dominus Impulse,40366667,False,3,0
462,13,Snake-Eye Oak,45663742,False,1,0
463,13,Fire King Avatar Arvata,18621798,False,1,0
464,13,Original Sinful Spoils - Snake-Eye,89023486,False,1,0
465,13,Ash Blossom & Joyous Spring,14558128,False,3,0
466,13,Divine Temple of the Snake-Eye,53639887,False,1,0
467,13,Snake-Eyes Flamberge Dragon,48452496,False,1,0
468,13,Triple Tactics Talent,25311006,False,1,0
469,13,Sacred Fire King Garunix,66431519,False,1,0
470,13,Fire King Sanctuary,65305978,False,1,0
471,13,Fire King Consort Ulkanix,44455560,False,2,0
472,13,"Garunix Eternity, Hyang of the Fire Kings",64182380,False,1,1
473,13,"Dharc the Dark Charmer, Gloomy",8264361,False,1,1
474,13,S:P Little Knight,29301450,False,1,1
475,13,Knightmare Phoenix,2857636,False,1,1
476,13,Accesscode Talker,86066372,False,1,1
477,13,"Promethean Princess, Bestower of Flames",2772337,False,2,1
478,13,I:P Masquerena,65741786,True,1,1
479,13,Salamangreat Raging Phoenix,57134592,False,1,1
480,13,Amphibious Swarmship Amblowhale,20665527,False,1,1
481,13,Azamina Rhea Silvera,46396218,False,1,1
482,13,Azamina Mu Rcielago,73391962,True,1,1
483,13,"Hiita the Fire Charmer, Ablaze",48815792,False,1,1
484,13,Relinquished Anima,94259633,True,1,1
485,13,Salamangreat Sunlight Wolf,87871125,False,1,1
486,14,Runick Destruction,94445733,True,1,0
487,14,Lady Labrynth of the Silver Castle,81497285,True,3,0
488,14,Welcome Labrynth,5380979,True,3,0
489,14,Dimension Shifter,91800273,True,3,0
490,14,Solemn Strike,40605147,True,3,0
491,14,Lost Wind,74003290,True,2,0
492,14,Simultaneous Equation Cannons,25096909,True,3,0
493,14,Big Welcome Labrynth,92714517,True,3,0
494,14,Destructive Daruma Karma Cannon,30748475,True,3,0
495,14,Ice Dragon's Prison,20899496,True,2,0
496,14,Starry Dragon's Cycle,6278008,False,2,0
497,14,Dimensional Barrier,83326048,False,2,0
498,14,Terrors of the Overroot,63086455,False,2,0
499,14,Runick Flashing Fire,68957034,False,1,0
500,14,Trap Trick,80101899,False,3,0
501,14,Runick Freezing Curses,30430448,False,1,0
502,14,Lovely Labrynth of the Silver Castle,2347656,True,1,0
503,14,Weighbridge,39103226,False,2,0
504,14,Geri the Runick Fangs,28373620,False,1,1
505,14,The Last Warrior from Another Planet,86099788,False,1,1
506,14,Number S39: Utopia the Lightning,56832966,True,1,1
507,14,Freki the Runick Fangs,47219274,False,1,1
508,14,Cyber Dragon Nova,58069384,True,1,1
509,14,Number 39: Utopia,84013237,False,1,1
510,14,Cyber Dragon Infinity,10443957,False,1,1
511,14,"Garura, Wings of Resonant Life",11765832,False,1,1
512,14,Number C39: Utopia Ray,56840427,False,1,1
513,14,Hugin the Runick Wings,55990317,True,1,1
514,14,Thousand-Eyes Restrict,63519819,False,1,1
515,14,Munin the Runick Wings,92385016,False,1,1
516,14,Dhampir Vampire Sheridan,32302078,False,1,1
517,14,D/D/D Stone King Darius,51497409,False,1,1
518,14,Xyz Armor Torpedo,94151981,False,1,1
519,15,Mulcharmy Fuwaross,42141493,True,3,0
520,15,Sinful Spoils Deception,66328392,True,3,0
521,15,Bonfire,85106525,True,3,0
522,15,Snake-Eyes Poplar,90241276,True,1,0
523,15,Diabellstar the Black Witch,72270339,True,3,0
524,15,WANTED: Seeker of Sinful Spoils,80845034,True,3,0
525,15,Snake-Eye Ash,9674034,False,1,0
526,15,Fire King Sky Burn,91703676,False,1,0
527,15,Fire King High Avatar Kirin,2526224,True,2,0
528,15,Sacred Azamina,94845588,True,1,0
529,15,Infinite Impermanence,10045474,True,3,0
530,15,Called by the Grave,24224830,True,1,0
531,15,Snake-Eyes Diabellstar,27260347,True,1,0
532,15,Legendary Fire King Ponix,90681088,True,1,0
533,15,Fire King High Avatar Garunix,23015896,False,1,0
534,15,Fire King Island,57554544,False,1,0
535,15,Dominus Impulse,40366667,False,3,0
536,15,Snake-Eye Oak,45663742,True,1,0
537,15,Fire King Avatar Arvata,18621798,False,1,0
538,15,Original Sinful Spoils - Snake-Eye,89023486,False,1,0
539,15,Ash Blossom & Joyous Spring,14558128,False,3,0
540,15,Divine Temple of the Snake-Eye,53639887,False,1,0
541,15,Snake-Eyes Flamberge Dragon,48452496,False,1,0
542,15,Triple Tactics Talent,25311006,False,1,0
543,15,Sacred Fire King Garunix,66431519,False,1,0
544,15,Fire King Sanctuary,65305978,False,1,0
545,15,Fire King Consort Ulkanix,44455560,False,2,0
546,15,"Garunix Eternity, Hyang of the Fire Kings",64182380,False,1,1
547,15,"Dharc the Dark Charmer, Gloomy",8264361,True,1,1
548,15,S:P Little Knight,29301450,False,1,1
549,15,Knightmare Phoenix,2857636,False,1,1
550,15,Accesscode Talker,86066372,False,1,1
551,15,"Promethean Princess, Bestower of Flames",2772337,False,2,1
552,15,I:P Masquerena,65741786,False,1,1
553,15,Salamangreat Raging Phoenix,57134592,False,1,1
554,15,Amphibious Swarmship Amblowhale,20665527,False,1,1
555,15,Azamina Rhea Silvera,46396218,False,1,1
556,15,Azamina Mu Rcielago,73391962,True,1,1
557,15,"Hiita the Fire Charmer, Ablaze",48815792,False,1,1
558,15,Relinquished Anima,94259633,True,1,1
559,15,Salamangreat Sunlight Wolf,87871125,False,1,1
560,16,Runick Destruction,94445733,True,1,0
561,16,Lady Labrynth of the Silver Castle,81497285,True,3,0
562,16,Welcome Labrynth,5380979,True,3,0
563,16,Dimension Shifter,91800273,True,3,0
564,16,Solemn Strike,40605147,True,3,0
565,16,Lost Wind,74003290,True,2,0
566,16,Simultaneous Equation Cannons,25096909,True,3,0
567,16,Big Welcome Labrynth,92714517,True,3,0
568,16,Destructive Daruma Karma Cannon,30748475,True,3,0
569,16,Ice Dragon's Prison,20899496,True,2,0
570,16,Starry Dragon's Cycle,6278008,True,2,0
571,16,Dimensional Barrier,83326048,False,2,0
572,16,Terrors of the Overroot,63086455,False,2,0
573,16,Runick Flashing Fire,68957034,False,1,0
574,16,Trap Trick,80101899,False,3,0
575,16,Runick Freezing Curses,30430448,False,1,0
576,16,Lovely Labrynth of the Silver Castle,2347656,True,1,0
577,16,Weighbridge,39103226,False,2,0
578,16,Geri the Runick Fangs,28373620,False,1,1
579,16,The Last Warrior from Another Planet,86099788,False,1,1
580,16,Number S39: Utopia the Lightning,56832966,False,1,1
581,16,Freki the Runick Fangs,47219274,False,1,1
582,16,Cyber Dragon Nova,58069384,False,1,1
583,16,Number 39: Utopia,84013237,True,1,1
584,16,Cyber Dragon Infinity,10443957,False,1,1
585,16,"Garura, Wings of Resonant Life",11765832,False,1,1
586,16,Number C39: Utopia Ray,56840427,True,1,1
587,16,Hugin the Runick Wings,55990317,False,1,1
588,16,Thousand-Eyes Restrict,63519819,False,1,1
589,16,Munin the Runick Wings,92385016,True,1,1
590,16,Dhampir Vampire Sheridan,32302078,False,1,1
591,16,D/D/D Stone King Darius,51497409,False,1,1
592,16,Xyz Armor Torpedo,94151981,False,1,1
593,17,Runick Destruction,94445733,True,1,0
594,17,Lady Labrynth of the Silver Castle,81497285,True,3,0
595,17,Welcome Labrynth,5380979,True,3,0
596,17,Dimension Shifter,91800273,True,3,0
597,17,Solemn Strike,40605147,True,3,0
598,17,Lost Wind,74003290,True,2,0
599,17,Simultaneous Equation Cannons,25096909,True,3,0
600,17,Big Welcome Labrynth,92714517,True,3,0
601,17,Destructive Daruma Karma Cannon,30748475,True,3,0
602,17,Ice Dragon's Prison,20899496,True,2,0
603,17,Starry Dragon's Cycle,6278008,False,2,0
604,17,Dimensional Barrier,83326048,False,2,0
605,17,Terrors of the Overroot,63086455,False,2,0
606,17,Runick Flashing Fire,68957034,False,1,0
607,17,Trap Trick,80101899,False,3,0
608,17,Runick Freezing Curses,30430448,False,1,0
609,17,Lovely Labrynth of the Silver Castle,2347656,False,1,0
610,17,Weighbridge,39103226,False,2,0
611,17,Geri the Runick Fangs,28373620,False,1,1
612,17,The Last Warrior from Another Planet,86099788,False,1,1
613,17,Number S39: Utopia the Lightning,56832966,False,1,1
614,17,Freki the Runick Fangs,47219274,False,1,1
615,17,Cyber Dragon Nova,58069384,False,1,1
616,17,Number 39: Utopia,84013237,False,1,1
617,17,Cyber Dragon Infinity,10443957,False,1,1
618,17,"Garura, Wings of Resonant Life",11765832,False,1,1
619,17,Number C39: Utopia Ray,56840427,False,1,1
620,17,Hugin the Runick Wings,55990317,False,1,1
621,17,Thousand-Eyes Restrict,63519819,False,1,1
622,17,Munin the Runick Wings,92385016,False,1,1
623,17,Dhampir Vampire Sheridan,32302078,False,1,1
624,17,D/D/D Stone King Darius,51497409,False,1,1
625,17,Xyz Armor Torpedo,94151981,False,1,1
626,18,Mulcharmy Fuwaross,42141493,True,3,0
627,18,Sinful Spoils Deception,66328392,True,3,0
628,18,Bonfire,85106525,True,3,0
629,18,Snake-Eyes Poplar,90241276,True,1,0
630,18,Diabellstar the Black Witch,72270339,True,3,0
631,18,WANTED: Seeker of Sinful Spoils,80845034,True,3,0
632,18,Snake-Eye Ash,9674034,True,1,0
633,18,Fire King Sky Burn,91703676,False,1,0
634,18,Fire King High Avatar Kirin,2526224,True,2,0
635,18,Sacred Azamina,94845588,True,1,0
636,18,Infinite Impermanence,10045474,True,3,0
637,18,Called by the Grave,24224830,True,1,0
638,18,Snake-Eyes Diabellstar,27260347,False,1,0
639,18,Legendary Fire King Ponix,90681088,True,1,0
640,18,Fire King High Avatar Garunix,23015896,False,1,0
641,18,Fire King Island,57554544,False,1,0
642,18,Dominus Impulse,40366667,False,3,0
643,18,Snake-Eye Oak,45663742,False,1,0
644,18,Fire King Avatar Arvata,18621798,False,1,0
645,18,Original Sinful Spoils - Snake-Eye,89023486,False,1,0
646,18,Ash Blossom & Joyous Spring,14558128,False,3,0
647,18,Divine Temple of the Snake-Eye,53639887,False,1,0
648,18,Snake-Eyes Flamberge Dragon,48452496,False,1,0
649,18,Triple Tactics Talent,25311006,False,1,0
650,18,Sacred Fire King Garunix,66431519,False,1,0
651,18,Fire King Sanctuary,65305978,False,1,0
652,18,Fire King Consort Ulkanix,44455560,False,2,0
653,18,"Garunix Eternity, Hyang of the Fire Kings",64182380,False,1,1
654,18,"Dharc the Dark Charmer, Gloomy",8264361,False,1,1
655,18,S:P Little Knight,29301450,False,1,1
656,18,Knightmare Phoenix,2857636,True,1,1
657,18,Accesscode Talker,86066372,False,1,1
658,18,"Promethean Princess, Bestower of Flames",2772337,True,2,1
659,18,I:P Masquerena,65741786,False,1,1
660,18,Salamangreat Raging Phoenix,57134592,False,1,1
661,18,Amphibious Swarmship Amblowhale,20665527,True,1,1
662,18,Azamina Rhea Silvera,46396218,False,1,1
663,18,Azamina Mu Rcielago,73391962,False,1,1
664,18,"Hiita the Fire Charmer, Ablaze",48815792,True,1,1
665,18,Relinquished Anima,94259633,True,1,1
666,18,Salamangreat Sunlight Wolf,87871125,False,1,1
667,19,Mulcharmy Fuwaross,42141493,True,3,0
668,19,Sinful Spoils Deception,66328392,True,3,0
669,19,Bonfire,85106525,True,3,0
670,19,Snake-Eyes Poplar,90241276,True,1,0
671,19,Diabellstar the Black Witch,72270339,True,3,0
672,19,WANTED: Seeker of Sinful Spoils,80845034,True,3,0
673,19,Snake-Eye Ash,9674034,True,1,0
674,19,Fire King Sky Burn,91703676,True,1,0
675,19,Fire King High Avatar Kirin,2526224,False,2,0
676,19,Sacred Azamina,94845588,True,1,0
677,19,Infinite Impermanence,10045474,False,3,0
678,19,Called by the Grave,24224830,False,1,0
679,19,Snake-Eyes Diabellstar,27260347,True,1,0
680,19,Legendary Fire King Ponix,90681088,False,1,0
681,19,Fire King High Avatar Garunix,23015896,False,1,0
682,19,Fire King Island,57554544,False,1,0
683,19,Dominus Impulse,40366667,False,3,0
684,19,Snake-Eye Oak,45663742,True,1,0
685,19,Fire King Avatar Arvata,18621798,False,1,0
686,19,Original Sinful Spoils - Snake-Eye,89023486,False,1,0
687,19,Ash Blossom & Joyous Spring,14558128,False,3,0
688,19,Divine Temple of the Snake-Eye,53639887,False,1,0
689,19,Snake-Eyes Flamberge Dragon,48452496,False,1,0
690,19,Triple Tactics Talent,25311006,False,1,0
691,19,Sacred Fire King Garunix,66431519,False,1,0
692,19,Fire King Sanctuary,65305978,False,1,0
693,19,Fire King Consort Ulkanix,44455560,False,2,0
694,19,"Garunix Eternity, Hyang of the Fire Kings",64182380,False,1,1
695,19,"Dharc the Dark Charmer, Gloomy",8264361,False,1,1
696,19,S:P Little Knight,29301450,True,1,1
697,19,Knightmare Phoenix,2857636,False,1,1
698,19,Accesscode Talker,86066372,False,1,1
699,19,"Promethean Princess, Bestower of Flames",2772337,True,2,1
700,19,I:P Masquerena,65741786,False,1,1
701,19,Salamangreat Raging Phoenix,57134592,False,1,1
702,19,Amphibious Swarmship Amblowhale,20665527,False,1,1
703,19,Azamina Rhea Silvera,46396218,True,1,1
704,19,Azamina Mu Rcielago,73391962,False,1,1
705,19,"Hiita the Fire Charmer, Ablaze",48815792,True,1,1
706,19,Relinquished Anima,94259633,False,1,1
707,19,Salamangreat Sunlight Wolf,87871125,False,1,1
708,20,Runick Destruction,94445733,True,1,0
709,20,Lady Labrynth of the Silver Castle,81497285,True,3,0
710,20,Welcome Labrynth,5380979,True,3,0
711,20,Dimension Shifter,91800273,True,3,0
712,20,Solemn Strike,40605147,True,3,0
713,20,Lost Wind,74003290,True,2,0
714,20,Simultaneous Equation Cannons,25096909,True,3,0
715,20,Big Welcome Labrynth,92714517,True,3,0
716,20,Destructive Daruma Karma Cannon,30748475,True,3,0
717,20,Ice Dragon's Prison,20899496,True,2,0
718,20,Starry Dragon's Cycle,6278008,False,2,0
719,20,Dimensional Barrier,83326048,False,2,0
720,20,Terrors of the Overroot,63086455,False,2,0
721,20,Runick Flashing Fire,68957034,False,1,0
722,20,Trap Trick,80101899,False,3,0
723,20,Runick Freezing Curses,30430448,False,1,0
724,20,Lovely Labrynth of the Silver Castle,2347656,False,1,0
725,20,Weighbridge,39103226,False,2,0
726,20,Geri the Runick Fangs,28373620,False,1,1
727,20,The Last Warrior from Another Planet,86099788,False,1,1
728,20,Number S39: Utopia the Lightning,56832966,False,1,1
729,20,Freki the Runick Fangs,47219274,True,1,1
730,20,Cyber Dragon Nova,58069384,False,1,1
731,20,Number 39: Utopia,84013237,False,1,1
732,20,Cyber Dragon Infinity,10443957,False,1,1
733,20,"Garura, Wings of Resonant Life",11765832,False,1,1
734,20,Number C39: Utopia Ray,56840427,False,1,1
735,20,Hugin the Runick Wings,55990317,False,1,1
736,20,Thousand-Eyes Restrict,63519819,False,1,1
737,20,Munin the Runick Wings,92385016,False,1,1
738,20,Dhampir Vampire Sheridan,32302078,False,1,1
739,20,D/D/D Stone King Darius,51497409,False,1,1
740,20,Xyz Armor Torpedo,94151981,False,1,1
741,21,Mulcharmy Fuwaross,42141493,True,3,0
742,21,Sinful Spoils Deception,66328392,True,3,0
743,21,Bonfire,85106525,True,3,0
744,21,Snake-Eyes Poplar,90241276,True,1,0
745,21,Diabellstar the Black Witch,72270339,True,3,0
746,21,WANTED: Seeker of Sinful Spoils,80845034,True,3,0
747,21,Snake-Eye Ash,9674034,True,1,0
748,21,Fire King Sky Burn,91703676,True,1,0
749,21,Fire King High Avatar Kirin,2526224,False,2,0
750,21,Sacred Azamina,94845588,True,1,0
751,21,Infinite Impermanence,10045474,False,3,0
752,21,Called by the Grave,24224830,False,1,0
753,21,Snake-Eyes Diabellstar,27260347,True,1,0
754,21,Legendary Fire King Ponix,90681088,False,1,0
755,21,Fire King High Avatar Garunix,23015896,False,1,0
756,21,Fire King Island,57554544,False,1,0
757,21,Dominus Impulse,40366667,False,3,0
758,21,Snake-Eye Oak,45663742,True,1,0
759,21,Fire King Avatar Arvata,18621798,False,1,0
760,21,Original Sinful Spoils - Snake-Eye,89023486,False,1,0
761,21,Ash Blossom & Joyous Spring,14558128,False,3,0
762,21,Divine Temple of the Snake-Eye,53639887,False,1,0
763,21,Snake-Eyes Flamberge Dragon,48452496,True,1,0
764,21,Triple Tactics Talent,25311006,False,1,0
765,21,Sacred Fire King Garunix,66431519,False,1,0
766,21,Fire King Sanctuary,65305978,False,1,0
767,21,Fire King Consort Ulkanix,44455560,False,2,0
768,21,"Garunix Eternity, Hyang of the Fire Kings",64182380,False,1,1
769,21,"Dharc the Dark Charmer, Gloomy",8264361,False,1,1
770,21,S:P Little Knight,29301450,True,1,1
771,21,Knightmare Phoenix,2857636,False,1,1
772,21,Accesscode Talker,86066372,False,1,1
773,21,"Promethean Princess, Bestower of Flames",2772337,False,2,1
774,21,I:P Masquerena,65741786,False,1,1
775,21,Salamangreat Raging Phoenix,57134592,False,1,1
776,21,Amphibious Swarmship Amblowhale,20665527,False,1,1
777,21,Azamina Rhea Silvera,46396218,False,1,1
778,21,Azamina Mu Rcielago,73391962,True,1,1
779,21,"Hiita the Fire Charmer, Ablaze",48815792,False,1,1
780,21,Relinquished Anima,94259633,False,1,1
781,21,Salamangreat Sunlight Wolf,87871125,False,1,1
782,22,Runick Destruction,94445733,True,1,0
783,22,Lady Labrynth of the Silver Castle,81497285,True,3,0
784,22,Welcome Labrynth,5380979,True,3,0
785,22,Dimension Shifter,91800273,True,3,0
786,22,Solemn Strike,40605147,True,3,0
787,22,Lost Wind,74003290,True,2,0
788,22,Simultaneous Equation Cannons,25096909,True,3,0
789,22,Big Welcome Labrynth,92714517,True,3,0
790,22,Destructive Daruma Karma Cannon,30748475,True,3,0
791,22,Ice Dragon's Prison,20899496,False,2,0
792,22,Starry Dragon's Cycle,6278008,False,2,0
793,22,Dimensional Barrier,83326048,False,2,0
794,22,Terrors of the Overroot,63086455,False,2,0
795,22,Runick Flashing Fire,68957034,False,1,0
796,22,Trap Trick,80101899,False,3,0
797,22,Runick Freezing Curses,30430448,False,1,0
798,22,Lovely Labrynth of the Silver Castle,2347656,False,1,0
799,22,Weighbridge,39103226,False,2,0
800,22,Geri the Runick Fangs,28373620,False,1,1
801,22,The Last Warrior from Another Planet,86099788,False,1,1
802,22,Number S39: Utopia the Lightning,56832966,False,1,1
803,22,Freki the Runick Fangs,47219274,False,1,1
804,22,Cyber Dragon Nova,58069384,False,1,1
805,22,Number 39: Utopia,84013237,False,1,1
806,22,Cyber Dragon Infinity,10443957,False,1,1
807,22,"Garura, Wings of Resonant Life",11765832,False,1,1
808,22,Number C39: Utopia Ray,56840427,False,1,1
809,22,Hugin the Runick Wings,55990317,False,1,1
810,22,Thousand-Eyes Restrict,63519819,False,1,1
811,22,Munin the Runick Wings,92385016,True,1,1
812,22,Dhampir Vampire Sheridan,32302078,False,1,1
813,22,D/D/D Stone King Darius,51497409,False,1,1
814,22,Xyz Armor Torpedo,94151981,False,1,1
815,23,Runick Destruction,94445733,True,1,0
816,23,Lady Labrynth of the Silver Castle,81497285,True,3,0
817,23,Welcome Labrynth,5380979,True,3,0
818,23,Dimension Shifter,91800273,True,3,0
819,23,Solemn Strike,40605147,True,3,0
820,23,Lost Wind,74003290,True,2,0
821,23,Simultaneous Equation Cannons,25096909,True,3,0
822,23,Big Welcome Labrynth,92714517,True,3,0
823,23,Destructive Daruma Karma Cannon,30748475,True,3,0
824,23,Ice Dragon's Prison,20899496,True,2,0
825,23,Starry Dragon's Cycle,6278008,True,2,0
826,23,Dimensional Barrier,83326048,False,2,0
827,23,Terrors of the Overroot,63086455,False,2,0
828,23,Runick Flashing Fire,68957034,False,1,0
829,23,Trap Trick,80101899,False,3,0
830,23,Runick Freezing Curses,30430448,False,1,0
831,23,Lovely Labrynth of the Silver Castle,2347656,True,1,0
832,23,Weighbridge,39103226,False,2,0
833,23,Geri the Runick Fangs,28373620,False,1,1
834,23,The Last Warrior from Another Planet,86099788,False,1,1
835,23,Number S39: Utopia the Lightning,56832966,False,1,1
836,23,Freki the Runick Fangs,47219274,True,1,1
837,23,Cyber Dragon Nova,58069384,False,1,1
838,23,Number 39: Utopia,84013237,False,1,1
839,23,Cyber Dragon Infinity,10443957,False,1,1
840,23,"Garura, Wings of Resonant Life",11765832,False,1,1
841,23,Number C39: Utopia Ray,56840427,False,1,1
842,23,Hugin the Runick Wings,55990317,False,1,1
843,23,Thousand-Eyes Restrict,63519819,False,1,1
844,23,Munin the Runick Wings,92385016,False,1,1
845,23,Dhampir Vampire Sheridan,32302078,False,1,1
846,23,D/D/D Stone King Darius,51497409,False,1,1
847,23,Xyz Armor Torpedo,94151981,False,1,1
848,24,Mulcharmy Fuwaross,42141493,True,3,0
849,24,Sinful Spoils Deception,66328392,True,3,0
850,24,Bonfire,85106525,True,3,0
851,24,Snake-Eyes Poplar,90241276,True,1,0
852,24,Diabellstar the Black Witch,72270339,True,3,0
853,24,WANTED: Seeker of Sinful Spoils,80845034,True,3,0
854,24,Snake-Eye Ash,9674034,True,1,0
855,24,Fire King Sky Burn,91703676,True,1,0
856,24,Fire King High Avatar Kirin,2526224,True,2,0
857,24,Sacred Azamina,94845588,True,1,0
858,24,Infinite Impermanence,10045474,True,3,0
859,24,Called by the Grave,24224830,True,1,0
860,24,Snake-Eyes Diabellstar,27260347,True,1,0
861,24,Legendary Fire King Ponix,90681088,False,1,0
862,24,Fire King High Avatar Garunix,23015896,False,1,0
863,24,Fire King Island,57554544,False,1,0
864,24,Dominus Impulse,40366667,False,3,0
865,24,Snake-Eye Oak,45663742,False,1,0
866,24,Fire King Avatar Arvata,18621798,False,1,0
867,24,Original Sinful Spoils - Snake-Eye,89023486,False,1,0
868,24,Ash Blossom & Joyous Spring,14558128,False,3,0
869,24,Divine Temple of the Snake-Eye,53639887,False,1,0
870,24,Snake-Eyes Flamberge Dragon,48452496,False,1,0
871,24,Triple Tactics Talent,25311006,False,1,0
872,24,Sacred Fire King Garunix,66431519,False,1,0
873,24,Fire King Sanctuary,65305978,False,1,0
874,24,Fire King Consort Ulkanix,44455560,False,2,0
875,24,"Garunix Eternity, Hyang of the Fire Kings",64182380,False,1,1
876,24,"Dharc the Dark Charmer, Gloomy",8264361,True,1,1
877,24,S:P Little Knight,29301450,True,1,1
878,24,Knightmare Phoenix,2857636,False,1,1
879,24,Accesscode Talker,86066372,False,1,1
880,24,"Promethean Princess, Bestower of Flames",2772337,True,2,1
881,24,I:P Masquerena,65741786,False,1,1
882,24,Salamangreat Raging Phoenix,57134592,False,1,1
883,24,Amphibious Swarmship Amblowhale,20665527,True,1,1
884,24,Azamina Rhea Silvera,46396218,True,1,1
885,24,Azamina Mu Rcielago,73391962,True,1,1
886,24,"Hiita the Fire Charmer, Ablaze",48815792,True,1,1
887,24,Relinquished Anima,94259633,False,1,1
888,24,Salamangreat Sunlight Wolf,87871125,False,1,1
889,25,Runick Destruction,94445733,True,1,0
890,25,Lady Labrynth of the Silver Castle,81497285,True,3,0
891,25,Welcome Labrynth,5380979,True,3,0
892,25,Dimension Shifter,91800273,True,3,0
893,25,Solemn Strike,40605147,True,3,0
894,25,Lost Wind,74003290,True,2,0
895,25,Simultaneous Equation Cannons,25096909,True,3,0
896,25,Big Welcome Labrynth,92714517,True,3,0
897,25,Destructive Daruma Karma Cannon,30748475,True,3,0
898,25,Ice Dragon's Prison,20899496,True,2,0
899,25,Starry Dragon's Cycle,6278008,True,2,0
900,25,Dimensional Barrier,83326048,False,2,0
901,25,Terrors of the Overroot,63086455,False,2,0
902,25,Runick Flashing Fire,68957034,False,1,0
903,25,Trap Trick,80101899,False,3,0
904,25,Runick Freezing Curses,30430448,False,1,0
905,25,Lovely Labrynth of the Silver Castle,2347656,True,1,0
906,25,Weighbridge,39103226,False,2,0
907,25,Geri the Runick Fangs,28373620,False,1,1
908,25,The Last Warrior from Another Planet,86099788,False,1,1
909,25,Number S39: Utopia the Lightning,56832966,False,1,1
910,25,Freki the Runick Fangs,47219274,True,1,1
911,25,Cyber Dragon Nova,58069384,False,1,1
912,25,Number 39: Utopia,84013237,False,1,1
913,25,Cyber Dragon Infinity,10443957,False,1,1
914,25,"Garura, Wings of Resonant Life",11765832,False,1,1
915,25,Number C39: Utopia Ray,56840427,False,1,1
916,25,Hugin the Runick Wings,55990317,False,1,1
917,25,Thousand-Eyes Restrict,63519819,False,1,1
918,25,Munin the Runick Wings,92385016,True,1,1
919,25,Dhampir Vampire Sheridan,32302078,False,1,1
920,25,D/D/D Stone King Darius,51497409,True,1,1
921,25,Xyz Armor Torpedo,94151981,True,1,1
922,26,Mulcharmy Fuwaross,42141493,True,3,0
923,26,Sinful Spoils Deception,66328392,True,3,0
924,26,Bonfire,85106525,True,3,0
925,26,Snake-Eyes Poplar,90241276,True,1,0
926,26,Diabellstar the Black Witch,72270339,True,3,0
927,26,WANTED: Seeker of Sinful Spoils,80845034,True,3,0
928,26,Snake-Eye Ash,9674034,True,1,0
929,26,Fire King Sky Burn,91703676,True,1,0
930,26,Fire King High Avatar Kirin,2526224,True,2,0
931,26,Sacred Azamina,94845588,True,1,0
932,26,Infinite Impermanence,10045474,False,3,0
933,26,Called by the Grave,24224830,False,1,0
934,26,Snake-Eyes Diabellstar,27260347,False,1,0
935,26,Legendary Fire King Ponix,90681088,False,1,0
936,26,Fire King High Avatar Garunix,23015896,False,1,0
937,26,Fire King Island,57554544,False,1,0
938,26,Dominus Impulse,40366667,False,3,0
939,26,Snake-Eye Oak,45663742,True,1,0
940,26,Fire King Avatar Arvata,18621798,False,1,0
941,26,Original Sinful Spoils - Snake-Eye,89023486,False,1,0
942,26,Ash Blossom & Joyous Spring,14558128,False,3,0
943,26,Divine Temple of the Snake-Eye,53639887,False,1,0
944,26,Snake-Eyes Flamberge Dragon,48452496,True,1,0
945,26,Triple Tactics Talent,25311006,False,1,0
946,26,Sacred Fire King Garunix,66431519,False,1,0
947,26,Fire King Sanctuary,65305978,False,1,0
948,26,Fire King Consort Ulkanix,44455560,False,2,0
949,26,"Garunix Eternity, Hyang of the Fire Kings",64182380,False,1,1
950,26,"Dharc the Dark Charmer, Gloomy",8264361,False,1,1
951,26,S:P Little Knight,29301450,False,1,1
952,26,Knightmare Phoenix,2857636,False,1,1
953,26,Accesscode Talker,86066372,False,1,1
954,26,"Promethean Princess, Bestower of Flames",2772337,False,2,1
955,26,I:P Masquerena,65741786,True,1,1
956,26,Salamangreat Raging Phoenix,57134592,False,1,1
957,26,Amphibious Swarmship Amblowhale,20665527,False,1,1
958,26,Azamina Rhea Silvera,46396218,True,1,1
959,26,Azamina Mu Rcielago,73391962,True,1,1
960,26,"Hiita the Fire Charmer, Ablaze",48815792,False,1,1
961,26,Relinquished Anima,94259633,True,1,1
962,26,Salamangreat Sunlight Wolf,87871125,False,1,1
963,27,Mulcharmy Fuwaross,42141493,True,3,0
964,27,Sinful Spoils Deception,66328392,True,3,0
965,27,Bonfire,85106525,True,3,0
966,27,Snake-Eyes Poplar,90241276,True,1,0
967,27,Diabellstar the Black Witch,72270339,True,3,0
968,27,WANTED: Seeker of Sinful Spoils,80845034,True,3,0
969,27,Snake-Eye Ash,9674034,True,1,0
970,27,Fire King Sky Burn,91703676,True,1,0
971,27,Fire King High Avatar Kirin,2526224,True,2,0
972,27,Sacred Azamina,94845588,True,1,0
973,27,Infinite Impermanence,10045474,True,3,0
974,27,Called by the Grave,24224830,True,1,0
975,27,Snake-Eyes Diabellstar,27260347,False,1,0
976,27,Legendary Fire King Ponix,90681088,False,1,0
977,27,Fire King High Avatar Garunix,23015896,False,1,0
978,27,Fire King Island,57554544,False,1,0
979,27,Dominus Impulse,40366667,False,3,0
980,27,Snake-Eye Oak,45663742,True,1,0
981,27,Fire King Avatar Arvata,18621798,False,1,0
982,27,Original Sinful Spoils - Snake-Eye,89023486,False,1,0
983,27,Ash Blossom & Joyous Spring,14558128,False,3,0
984,27,Divine Temple of the Snake-Eye,53639887,False,1,0
985,27,Snake-Eyes Flamberge Dragon,48452496,False,1,0
986,27,Triple Tactics Talent,25311006,False,1,0
987,27,Sacred Fire King Garunix,66431519,False,1,0
988,27,Fire King Sanctuary,65305978,False,1,0
989,27,Fire King Consort Ulkanix,44455560,False,2,0
990,27,"Garunix Eternity, Hyang of the Fire Kings",64182380,False,1,1
991,27,"Dharc the Dark Charmer, Gloomy",8264361,True,1,1
992,27,S:P Little Knight,29301450,True,1,1
993,27,Knightmare Phoenix,2857636,True,1,1
994,27,Accesscode Talker,86066372,False,1,1
995,27,"Promethean Princess, Bestower of Flames",2772337,True,2,1
996,27,I:P Masquerena,65741786,False,1,1
997,27,Salamangreat Raging Phoenix,57134592,False,1,1
998,27,Amphibious Swarmship Amblowhale,20665527,False,1,1
999,27,Azamina Rhea Silvera,46396218,True,1,1
1000,27,Azamina Mu Rcielago,73391962,True,1,1
1001,27,"Hiita the Fire Charmer, Ablaze",48815792,True,1,1
1002,27,Relinquished Anima,94259633,True,1,1
1003,27,Salamangreat Sunlight Wolf,87871125,True,1,1
1004,28,Runick Destruction,94445733,True,1,0
1005,28,Lady Labrynth of the Silver Castle,81497285,True,3,0
1006,28,Welcome Labrynth,5380979,True,3,0
1007,28,Dimension Shifter,91800273,True,3,0
1008,28,Solemn Strike,40605147,True,3,0
1009,28,Lost Wind,74003290,True,2,0
1010,28,Simultaneous Equation Cannons,25096909,True,3,0
1011,28,Big Welcome Labrynth,92714517,True,3,0
1012,28,Destructive Daruma Karma Cannon,30748475,True,3,0
1013,28,Ice Dragon's Prison,20899496,True,2,0
1014,28,Starry Dragon's Cycle,6278008,True,2,0
1015,28,Dimensional Barrier,83326048,False,2,0
1016,28,Terrors of the Overroot,63086455,False,2,0
1017,28,Runick Flashing Fire,68957034,False,1,0
1018,28,Trap Trick,80101899,False,3,0
1019,28,Runick Freezing Curses,30430448,False,1,0
1020,28,Lovely Labrynth of the Silver Castle,2347656,False,1,0
1021,28,Weighbridge,39103226,False,2,0
1022,28,Geri the Runick Fangs,28373620,False,1,1
1023,28,The Last Warrior from Another Planet,86099788,False,1,1
1024,28,Number S39: Utopia the Lightning,56832966,False,1,1
1025,28,Freki the Runick Fangs,47219274,False,1,1
1026,28,Cyber Dragon Nova,58069384,False,1,1
1027,28,Number 39: Utopia,84013237,False,1,1
1028,28,Cyber Dragon Infinity,10443957,False,1,1
1029,28,"Garura, Wings of Resonant Life",11765832,False,1,1
1030,28,Number C39: Utopia Ray,56840427,False,1,1
1031,28,Hugin the Runick Wings,55990317,True,1,1
1032,28,Thousand-Eyes Restrict,63519819,False,1,1
1033,28,Munin the Runick Wings,92385016,False,1,1
1034,28,Dhampir Vampire Sheridan,32302078,False,1,1
1035,28,D/D/D Stone King Darius,51497409,False,1,1
1036,28,Xyz Armor Torpedo,94151981,False,1,1
1037,29,Runick Destruction,94445733,True,1,0
1038,29,Lady Labrynth of the Silver Castle,81497285,True,3,0
1039,29,Welcome Labrynth,5380979,True,3,0
1040,29,Dimension Shifter,91800273,True,3,0
1041,29,Solemn Strike,40605147,True,3,0
1042,29,Lost Wind,74003290,True,2,0
1043,29,Simultaneous Equation Cannons,25096909,True,3,0
1044,29,Big Welcome Labrynth,92714517,True,3,0
1045,29,Destructive Daruma Karma Cannon,30748475,True,3,0
1046,29,Ice Dragon's Prison,20899496,True,2,0
1047,29,Starry Dragon's Cycle,6278008,True,2,0
1048,29,Dimensional Barrier,83326048,True,2,0
1049,29,Terrors of the Overroot,63086455,False,2,0
1050,29,Runick Flashing Fire,68957034,False,1,0
1051,29,Trap Trick,80101899,False,3,0
1052,29,Runick Freezing Curses,30430448,False,1,0
1053,29,Lovely Labrynth of the Silver Castle,2347656,True,1,0
1054,29,Weighbridge,39103226,False,2,0
1055,29,Geri the Runick Fangs,28373620,True,1,1
1056,29,The Last Warrior from Another Planet,86099788,False,1,1
1057,29,Number S39: Utopia the Lightning,56832966,False,1,1
1058,29,Freki the Runick Fangs,47219274,False,1,1
1059,29,Cyber Dragon Nova,58069384,False,1,1
1060,29,Number 39: Utopia,84013237,False,1,1
1061,29,Cyber Dragon Infinity,10443957,False,1,1
1062,29,"Garura, Wings of Resonant Life",11765832,False,1,1
1063,29,Number C39: Utopia Ray,56840427,False,1,1
1064,29,Hugin the Runick Wings,55990317,False,1,1
1065,29,Thousand-Eyes Restrict,63519819,False,1,1
1066,29,Munin the Runick Wings,92385016,False,1,1
1067,29,Dhampir Vampire Sheridan,32302078,False,1,1
1068,29,D/D/D Stone King Darius,51497409,True,1,1
1069,29,Xyz Armor Torpedo,94151981,True,1,1
1070,30,Mulcharmy Fuwaross,42141493,True,3,0
1071,30,Sinful Spoils Deception,66328392,True,3,0
1072,30,Bonfire,85106525,True,3,0
1073,30,Snake-Eyes Poplar,90241276,True,1,0
1074,30,Diabellstar the Black Witch,72270339,True,3,0
1075,30,WANTED: Seeker of Sinful Spoils,80845034,True,3,0
1076,30,Snake-Eye Ash,9674034,True,1,0
1077,30,Fire King Sky Burn,91703676,False,1,0
1078,30,Fire King High Avatar Kirin,2526224,True,2,0
1079,30,Sacred Azamina,94845588,True,1,0
1080,30,Infinite Impermanence,10045474,True,3,0
1081,30,Called by the Grave,24224830,True,1,0
1082,30,Snake-Eyes Diabellstar,27260347,True,1,0
1083,30,Legendary Fire King Ponix,90681088,True,1,0
1084,30,Fire King High Avatar Garunix,23015896,True,1,0
1085,30,Fire King Island,57554544,True,1,0
1086,30,Dominus Impulse,40366667,True,3,0
1087,30,Snake-Eye Oak,45663742,True,1,0
1088,30,Fire King Avatar Arvata,18621798,False,1,0
1089,30,Original Sinful Spoils - Snake-Eye,89023486,False,1,0
1090,30,Ash Blossom & Joyous Spring,14558128,False,3,0
1091,30,Divine Temple of the Snake-Eye,53639887,False,1,0
1092,30,Snake-Eyes Flamberge Dragon,48452496,False,1,0
1093,30,Triple Tactics Talent,25311006,False,1,0
1094,30,Sacred Fire King Garunix,66431519,False,1,0
1095,30,Fire King Sanctuary,65305978,False,1,0
1096,30,Fire King Consort Ulkanix,44455560,True,2,0
1097,30,"Garunix Eternity, Hyang of the Fire Kings",64182380,False,1,1
1098,30,"Dharc the Dark Charmer, Gloomy",8264361,True,1,1
1099,30,S:P Little Knight,29301450,False,1,1
1100,30,Knightmare Phoenix,2857636,True,1,1
1101,30,Accesscode Talker,86066372,False,1,1
1102,30,"Promethean Princess, Bestower of Flames",2772337,False,2,1
1103,30,I:P Masquerena,65741786,False,1,1
1104,30,Salamangreat Raging Phoenix,57134592,False,1,1
1105,30,Amphibious Swarmship Amblowhale,20665527,False,1,1
1106,30,Azamina Rhea Silvera,46396218,True,1,1
1107,30,Azamina Mu Rcielago,73391962,False,1,1
1108,30,"Hiita the Fire Charmer, Ablaze",48815792,True,1,1
1109,30,Relinquished Anima,94259633,True,1,1
1110,30,Salamangreat Sunlight Wolf,87871125,False,1,1
1111,31,Runick Destruction,94445733,True,1,0
1112,31,Lady Labrynth of the Silver Castle,81497285,True,3,0
1113,31,Welcome Labrynth,5380979,True,3,0
1114,31,Dimension Shifter,91800273,True,3,0
1115,31,Solemn Strike,40605147,True,3,0
1116,31,Lost Wind,74003290,True,2,0
1117,31,Simultaneous Equation Cannons,25096909,True,3,0
1118,31,Big Welcome Labrynth,92714517,True,3,0
1119,31,Destructive Daruma Karma Cannon,30748475,True,3,0
1120,31,Ice Dragon's Prison,20899496,True,2,0
1121,31,Starry Dragon's Cycle,6278008,False,2,0
1122,31,Dimensional Barrier,83326048,False,2,0
1123,31,Terrors of the Overroot,63086455,False,2,0
1124,31,Runick Flashing Fire,68957034,False,1,0
1125,31,Trap Trick,80101899,False,3,0
1126,31,Runick Freezing Curses,30430448,False,1,0
1127,31,Lovely Labrynth of the Silver Castle,2347656,True,1,0
1128,31,Weighbridge,39103226,False,2,0
1129,31,Geri the Runick Fangs,28373620,False,1,1
1130,31,The Last Warrior from Another Planet,86099788,False,1,1
1131,31,Number S39: Utopia the Lightning,56832966,False,1,1
1132,31,Freki the Runick Fangs,47219274,True,1,1
1133,31,Cyber Dragon Nova,58069384,False,1,1
1134,31,Number 39: Utopia,84013237,False,1,1
1135,31,Cyber Dragon Infinity,10443957,False,1,1
1136,31,"Garura, Wings of Resonant Life",11765832,False,1,1
1137,31,Number C39: Utopia Ray,56840427,False,1,1
1138,31,Hugin the Runick Wings,55990317,False,1,1
1139,31,Thousand-Eyes Restrict,63519819,False,1,1
1140,31,Munin the Runick Wings,92385016,True,1,1
1141,31,Dhampir Vampire Sheridan,32302078,False,1,1
1142,31,D/D/D Stone King Darius,51497409,True,1,1
1143,31,Xyz Armor Torpedo,94151981,True,1,1
1144,32,Mulcharmy Fuwaross,42141493,True,3,0
1145,32,Sinful Spoils Deception,66328392,True,3,0
1146,32,Bonfire,85106525,True,3,0
1147,32,Snake-Eyes Poplar,90241276,True,1,0
1148,32,Diabellstar the Black Witch,72270339,True,3,0
1149,32,WANTED: Seeker of Sinful Spoils,80845034,True,3,0
1150,32,Snake-Eye Ash,9674034,True,1,0
1151,32,Fire King Sky Burn,91703676,True,1,0
1152,32,Fire King High Avatar Kirin,2526224,False,2,0
1153,32,Sacred Azamina,94845588,True,1,0
1154,32,Infinite Impermanence,10045474,False,3,0
1155,32,Called by the Grave,24224830,False,1,0
1156,32,Snake-Eyes Diabellstar,27260347,True,1,0
1157,32,Legendary Fire King Ponix,90681088,False,1,0
1158,32,Fire King High Avatar Garunix,23015896,False,1,0
1159,32,Fire King Island,57554544,False,1,0
1160,32,Dominus Impulse,40366667,False,3,0
1161,32,Snake-Eye Oak,45663742,True,1,0
1162,32,Fire King Avatar Arvata,18621798,False,1,0
1163,32,Original Sinful Spoils - Snake-Eye,89023486,False,1,0
1164,32,Ash Blossom & Joyous Spring,14558128,False,3,0
1165,32,Divine Temple of the Snake-Eye,53639887,False,1,0
1166,32,Snake-Eyes Flamberge Dragon,48452496,False,1,0
1167,32,Triple Tactics Talent,25311006,False,1,0
1168,32,Sacred Fire King Garunix,66431519,False,1,0
1169,32,Fire King Sanctuary,65305978,False,1,0
1170,32,Fire King Consort Ulkanix,44455560,False,2,0
1171,32,"Garunix Eternity, Hyang of the Fire Kings",64182380,False,1,1
1172,32,"Dharc the Dark Charmer, Gloomy",8264361,False,1,1
1173,32,S:P Little Knight,29301450,False,1,1
1174,32,Knightmare Phoenix,2857636,False,1,1
1175,32,Accesscode Talker,86066372,False,1,1
1176,32,"Promethean Princess, Bestower of Flames",2772337,False,2,1
1177,32,I:P Masquerena,65741786,False,1,1
1178,32,Salamangreat Raging Phoenix,57134592,False,1,1
1179,32,Amphibious Swarmship Amblowhale,20665527,False,1,1
1180,32,Azamina Rhea Silvera,46396218,False,1,1
1181,32,Azamina Mu Rcielago,73391962,True,1,1
1182,32,"Hiita the Fire Charmer, Ablaze",48815792,False,1,1
1183,32,Relinquished Anima,94259633,True,1,1
1184,32,Salamangreat Sunlight Wolf,87871125,False,1,1
1185,33,Runick Destruction,94445733,True,1,0
1186,33,Lady Labrynth of the Silver Castle,81497285,True,3,0
1187,33,Welcome Labrynth,5380979,True,3,0
1188,33,Dimension Shifter,91800273,True,3,0
1189,33,Solemn Strike,40605147,True,3,0
1190,33,Lost Wind,74003290,True,2,0
1191,33,Simultaneous Equation Cannons,25096909,True,3,0
1192,33,Big Welcome Labrynth,92714517,True,3,0
1193,33,Destructive Daruma Karma Cannon,30748475,True,3,0
1194,33,Ice Dragon's Prison,20899496,True,2,0
1195,33,Starry Dragon's Cycle,6278008,False,2,0
1196,33,Dimensional Barrier,83326048,False,2,0
1197,33,Terrors of the Overroot,63086455,False,2,0
1198,33,Runick Flashing Fire,68957034,False,1,0
1199,33,Trap Trick,80101899,False,3,0
1200,33,Runick Freezing Curses,30430448,False,1,0
1201,33,Lovely Labrynth of the Silver Castle,2347656,False,1,0
1202,33,Weighbridge,39103226,False,2,0
1203,33,Geri the Runick Fangs,28373620,False,1,1
1204,33,The Last Warrior from Another Planet,86099788,False,1,1
1205,33,Number S39: Utopia the Lightning,56832966,False,1,1
1206,33,Freki the Runick Fangs,47219274,False,1,1
1207,33,Cyber Dragon Nova,58069384,False,1,1
1208,33,Number 39: Utopia,84013237,False,1,1
1209,33,Cyber Dragon Infinity,10443957,False,1,1
1210,33,"Garura, Wings of Resonant Life",11765832,False,1,1
1211,33,Number C39: Utopia Ray,56840427,False,1,1
1212,33,Hugin the Runick Wings,55990317,False,1,1
1213,33,Thousand-Eyes Restrict,63519819,False,1,1
1214,33,Munin the Runick Wings,92385016,False,1,1
1215,33,Dhampir Vampire Sheridan,32302078,False,1,1
1216,33,D/D/D Stone King Darius,51497409,False,1,1
1217,33,Xyz Armor Torpedo,94151981,False,1,1
1218,34,Mulcharmy Fuwaross,42141493,True,3,0
1219,34,Sinful Spoils Deception,66328392,True,3,0
1220,34,Bonfire,85106525,True,3,0
1221,34,Snake-Eyes Poplar,90241276,True,1,0
1222,34,Diabellstar the Black Witch,72270339,True,3,0
1223,34,WANTED: Seeker of Sinful Spoils,80845034,True,3,0
1224,34,Snake-Eye Ash,9674034,True,1,0
1225,34,Fire King Sky Burn,91703676,False,1,0
1226,34,Fire King High Avatar Kirin,2526224,True,2,0
1227,34,Sacred Azamina,94845588,True,1,0
1228,34,Infinite Impermanence,10045474,True,3,0
1229,34,Called by the Grave,24224830,True,1,0
1230,34,Snake-Eyes Diabellstar,27260347,False,1,0
1231,34,Legendary Fire King Ponix,90681088,True,1,0
1232,34,Fire King High Avatar Garunix,23015896,False,1,0
1233,34,Fire King Island,57554544,False,1,0
1234,34,Dominus Impulse,40366667,False,3,0
1235,34,Snake-Eye Oak,45663742,False,1,0
1236,34,Fire King Avatar Arvata,18621798,False,1,0
1237,34,Original Sinful Spoils - Snake-Eye,89023486,False,1,0
1238,34,Ash Blossom & Joyous Spring,14558128,False,3,0
1239,34,Divine Temple of the Snake-Eye,53639887,False,1,0
1240,34,Snake-Eyes Flamberge Dragon,48452496,False,1,0
1241,34,Triple Tactics Talent,25311006,False,1,0
1242,34,Sacred Fire King Garunix,66431519,False,1,0
1243,34,Fire King Sanctuary,65305978,False,1,0
1244,34,Fire King Consort Ulkanix,44455560,False,2,0
1245,34,"Garunix Eternity, Hyang of the Fire Kings",64182380,False,1,1
1246,34,"Dharc the Dark Charmer, Gloomy",8264361,False,1,1
1247,34,S:P Little Knight,29301450,False,1,1
1248,34,Knightmare Phoenix,2857636,False,1,1
1249,34,Accesscode Talker,86066372,False,1,1
1250,34,"Promethean Princess, Bestower of Flames",2772337,False,2,1
1251,34,I:P Masquerena,65741786,True,1,1
1252,34,Salamangreat Raging Phoenix,57134592,False,1,1
1253,34,Amphibious Swarmship Amblowhale,20665527,False,1,1
1254,34,Azamina Rhea Silvera,46396218,True,1,1
1255,34,Azamina Mu Rcielago,73391962,True,1,1
1256,34,"Hiita the Fire Charmer, Ablaze",48815792,False,1,1
1257,34,Relinquished Anima,94259633,True,1,1
1258,34,Salamangreat Sunlight Wolf,87871125,False,1,1
1259,35,Runick Destruction,94445733,True,1,0
1260,35,Lady Labrynth of the Silver Castle,81497285,True,3,0
1261,35,Welcome Labrynth,5380979,True,3,0
1262,35,Dimension Shifter,91800273,True,3,0
1263,35,Solemn Strike,40605147,True,3,0
1264,35,Lost Wind,74003290,True,2,0
1265,35,Simultaneous Equation Cannons,25096909,True,3,0
1266,35,Big Welcome Labrynth,92714517,True,3,0
1267,35,Destructive Daruma Karma Cannon,30748475,True,3,0
1268,35,Ice Dragon's Prison,20899496,True,2,0
1269,35,Starry Dragon's Cycle,6278008,True,2,0
1270,35,Dimensional Barrier,83326048,False,2,0
1271,35,Terrors of the Overroot,63086455,False,2,0
1272,35,Runick Flashing Fire,68957034,False,1,0
1273,35,Trap Trick,80101899,False,3,0
1274,35,Runick Freezing Curses,30430448,False,1,0
1275,35,Lovely Labrynth of the Silver Castle,2347656,True,1,0
1276,35,Weighbridge,39103226,False,2,0
1277,35,Geri the Runick Fangs,28373620,False,1,1
1278,35,The Last Warrior from Another Planet,86099788,False,1,1
1279,35,Number S39: Utopia the Lightning,56832966,False,1,1
1280,35,Freki the Runick Fangs,47219274,True,1,1
1281,35,Cyber Dragon Nova,58069384,False,1,1
1282,35,Number 39: Utopia,84013237,False,1,1
1283,35,Cyber Dragon Infinity,10443957,False,1,1
1284,35,"Garura, Wings of Resonant Life",11765832,False,1,1
1285,35,Number C39: Utopia Ray,56840427,False,1,1
1286,35,Hugin the Runick Wings,55990317,False,1,1
1287,35,Thousand-Eyes Restrict,63519819,False,1,1
1288,35,Munin the Runick Wings,92385016,False,1,1
1289,35,Dhampir Vampire Sheridan,32302078,False,1,1
1290,35,D/D/D Stone King Darius,51497409,False,1,1
1291,35,Xyz Armor Torpedo,94151981,False,1,1
1292,36,Mulcharmy Fuwaross,42141493,True,3,0
1293,36,Sinful Spoils Deception,66328392,True,3,0
1294,36,Bonfire,85106525,True,3,0
1295,36,Snake-Eyes Poplar,90241276,True,1,0
1296,36,Diabellstar the Black Witch,72270339,True,3,0
1297,36,WANTED: Seeker of Sinful Spoils,80845034,True,3,0
1298,36,Snake-Eye Ash,9674034,True,1,0
1299,36,Fire King Sky Burn,91703676,True,1,0
1300,36,Fire King High Avatar Kirin,2526224,True,2,0
1301,36,Sacred Azamina,94845588,True,1,0
1302,36,Infinite Impermanence,10045474,True,3,0
1303,36,Called by the Grave,24224830,True,1,0
1304,36,Snake-Eyes Diabellstar,27260347,True,1,0
1305,36,Legendary Fire King Ponix,90681088,True,1,0
1306,36,Fire King High Avatar Garunix,23015896,False,1,0
1307,36,Fire King Island,57554544,False,1,0
1308,36,Dominus Impulse,40366667,False,3,0
1309,36,Snake-Eye Oak,45663742,False,1,0
1310,36,Fire King Avatar Arvata,18621798,False,1,0
1311,36,Original Sinful Spoils - Snake-Eye,89023486,False,1,0
1312,36,Ash Blossom & Joyous Spring,14558128,False,3,0
1313,36,Divine Temple of the Snake-Eye,53639887,False,1,0
1314,36,Snake-Eyes Flamberge Dragon,48452496,False,1,0
1315,36,Triple Tactics Talent,25311006,False,1,0
1316,36,Sacred Fire King Garunix,66431519,False,1,0
1317,36,Fire King Sanctuary,65305978,False,1,0
1318,36,Fire King Consort Ulkanix,44455560,False,2,0
1319,36,"Garunix Eternity, Hyang of the Fire Kings",64182380,False,1,1
1320,36,"Dharc the Dark Charmer, Gloomy",8264361,False,1,1
1321,36,S:P Little Knight,29301450,True,1,1
1322,36,Knightmare Phoenix,2857636,True,1,1
1323,36,Accesscode Talker,86066372,False,1,1
1324,36,"Promethean Princess, Bestower of Flames",2772337,False,2,1
1325,36,I:P Masquerena,65741786,False,1,1
1326,36,Salamangreat Raging Phoenix,57134592,False,1,1
1327,36,Amphibious Swarmship Amblowhale,20665527,False,1,1
1328,36,Azamina Rhea Silvera,46396218,True,1,1
1329,36,Azamina Mu Rcielago,73391962,True,1,1
1330,36,"Hiita the Fire Charmer, Ablaze",48815792,False,1,1
1331,36,Relinquished Anima,94259633,True,1,1
1332,36,Salamangreat Sunlight Wolf,87871125,False,1,1
1333,37,Runick Destruction,94445733,True,1,0
1334,37,Lady Labrynth of the Silver Castle,81497285,True,3,0
1335,37,Welcome Labrynth,5380979,True,3,0
1336,37,Dimension Shifter,91800273,True,3,0
1337,37,Solemn Strike,40605147,True,3,0
1338,37,Lost Wind,74003290,True,2,0
1339,37,Simultaneous Equation Cannons,25096909,True,3,0
1340,37,Big Welcome Labrynth,92714517,True,3,0
1341,37,Destructive Daruma Karma Cannon,30748475,True,3,0
1342,37,Ice Dragon's Prison,20899496,True,2,0
1343,37,Starry Dragon's Cycle,6278008,True,2,0
1344,37,Dimensional Barrier,83326048,False,2,0
1345,37,Terrors of the Overroot,63086455,False,2,0
1346,37,Runick Flashing Fire,68957034,False,1,0
1347,37,Trap Trick,80101899,False,3,0
1348,37,Runick Freezing Curses,30430448,False,1,0
1349,37,Lovely Labrynth of the Silver Castle,2347656,True,1,0
1350,37,Weighbridge,39103226,False,2,0
1351,37,Geri the Runick Fangs,28373620,False,1,1
1352,37,The Last Warrior from Another Planet,86099788,False,1,1
1353,37,Number S39: Utopia the Lightning,56832966,False,1,1
1354,37,Freki the Runick Fangs,47219274,False,1,1
1355,37,Cyber Dragon Nova,58069384,False,1,1
1356,37,Number 39: Utopia,84013237,False,1,1
1357,37,Cyber Dragon Infinity,10443957,False,1,1
1358,37,"Garura, Wings of Resonant Life",11765832,False,1,1
1359,37,Number C39: Utopia Ray,56840427,False,1,1
1360,37,Hugin the Runick Wings,55990317,False,1,1
1361,37,Thousand-Eyes Restrict,63519819,False,1,1
1362,37,Munin the Runick Wings,92385016,True,1,1
1363,37,Dhampir Vampire Sheridan,32302078,False,1,1
1364,37,D/D/D Stone King Darius,51497409,False,1,1
1365,37,Xyz Armor Torpedo,94151981,False,1,1
1366,38,Mulcharmy Fuwaross,42141493,True,3,0
1367,38,Sinful Spoils Deception,66328392,True,3,0
1368,38,Bonfire,85106525,True,3,0
1369,38,Snake-Eyes Poplar,90241276,True,1,0
1370,38,Diabellstar the Black Witch,72270339,True,3,0
1371,38,WANTED: Seeker of Sinful Spoils,80845034,True,3,0
1372,38,Snake-Eye Ash,9674034,True,1,0
1373,38,Fire King Sky Burn,91703676,True,1,0
1374,38,Fire King High Avatar Kirin,2526224,True,2,0
1375,38,Sacred Azamina,94845588,True,1,0
1376,38,Infinite Impermanence,10045474,True,3,0
1377,38,Called by the Grave,24224830,False,1,0
1378,38,Snake-Eyes Diabellstar,27260347,True,1,0
1379,38,Legendary Fire King Ponix,90681088,False,1,0
1380,38,Fire King High Avatar Garunix,23015896,False,1,0
1381,38,Fire King Island,57554544,False,1,0
1382,38,Dominus Impulse,40366667,False,3,0
1383,38,Snake-Eye Oak,45663742,True,1,0
1384,38,Fire King Avatar Arvata,18621798,False,1,0
1385,38,Original Sinful Spoils - Snake-Eye,89023486,False,1,0
1386,38,Ash Blossom & Joyous Spring,14558128,False,3,0
1387,38,Divine Temple of the Snake-Eye,53639887,False,1,0
1388,38,Snake-Eyes Flamberge Dragon,48452496,False,1,0
1389,38,Triple Tactics Talent,25311006,False,1,0
1390,38,Sacred Fire King Garunix,66431519,False,1,0
1391,38,Fire King Sanctuary,65305978,False,1,0
1392,38,Fire King Consort Ulkanix,44455560,False,2,0
1393,38,"Garunix Eternity, Hyang of the Fire Kings",64182380,False,1,1
1394,38,"Dharc the Dark Charmer, Gloomy",8264361,False,1,1
1395,38,S:P Little Knight,29301450,True,1,1
1396,38,Knightmare Phoenix,2857636,False,1,1
1397,38,Accesscode Talker,86066372,False,1,1
1398,38,"Promethean Princess, Bestower of Flames",2772337,True,2,1
1399,38,I:P Masquerena,65741786,False,1,1
1400,38,Salamangreat Raging Phoenix,57134592,False,1,1
1401,38,Amphibious Swarmship Amblowhale,20665527,True,1,1
1402,38,Azamina Rhea Silvera,46396218,True,1,1
1403,38,Azamina Mu Rcielago,73391962,True,1,1
1404,38,"Hiita the Fire Charmer, Ablaze",48815792,False,1,1
1405,38,Relinquished Anima,94259633,False,1,1
1406,38,Salamangreat Sunlight Wolf,87871125,False,1,1
1407,39,Runick Destruction,94445733,True,1,0
1408,39,Lady Labrynth of the Silver Castle,81497285,True,3,0
1409,39,Welcome Labrynth,5380979,True,3,0
1410,39,Dimension Shifter,91800273,True,3,0
1411,39,Solemn Strike,40605147,True,3,0
1412,39,Lost Wind,74003290,True,2,0
1413,39,Simultaneous Equation Cannons,25096909,True,3,0
1414,39,Big Welcome Labrynth,92714517,True,3,0
1415,39,Destructive Daruma Karma Cannon,30748475,False,3,0
1416,39,Ice Dragon's Prison,20899496,False,2,0
1417,39,Starry Dragon's Cycle,6278008,False,2,0
1418,39,Dimensional Barrier,83326048,False,2,0
1419,39,Terrors of the Overroot,63086455,False,2,0
1420,39,Runick Flashing Fire,68957034,False,1,0
1421,39,Trap Trick,80101899,False,3,0
1422,39,Runick Freezing Curses,30430448,False,1,0
1423,39,Lovely Labrynth of the Silver Castle,2347656,True,1,0
1424,39,Weighbridge,39103226,False,2,0
1425,39,Geri the Runick Fangs,28373620,False,1,1
1426,39,The Last Warrior from Another Planet,86099788,False,1,1
1427,39,Number S39: Utopia the Lightning,56832966,False,1,1
1428,39,Freki the Runick Fangs,47219274,False,1,1
1429,39,Cyber Dragon Nova,58069384,False,1,1
1430,39,Number 39: Utopia,84013237,False,1,1
1431,39,Cyber Dragon Infinity,10443957,False,1,1
1432,39,"Garura, Wings of Resonant Life",11765832,False,1,1
1433,39,Number C39: Utopia Ray,56840427,False,1,1
1434,39,Hugin the Runick Wings,55990317,False,1,1
1435,39,Thousand-Eyes Restrict,63519819,False,1,1
1436,39,Munin the Runick Wings,92385016,True,1,1
1437,39,Dhampir Vampire Sheridan,32302078,False,1,1
1438,39,D/D/D Stone King Darius,51497409,False,1,1
1439,39,Xyz Armor Torpedo,94151981,False,1,1
1440,40,Mulcharmy Fuwaross,42141493,True,3,0
1441,40,Sinful Spoils Deception,66328392,True,3,0
1442,40,Bonfire,85106525,True,3,0
1443,40,Snake-Eyes Poplar,90241276,True,1,0
1444,40,Diabellstar the Black Witch,72270339,True,3,0
1445,40,WANTED: Seeker of Sinful Spoils,80845034,True,3,0
1446,40,Snake-Eye Ash,9674034,True,1,0
1447,40,Fire King Sky Burn,91703676,True,1,0
1448,40,Fire King High Avatar Kirin,2526224,False,2,0
1449,40,Sacred Azamina,94845588,True,1,0
1450,40,Infinite Impermanence,10045474,False,3,0
1451,40,Called by the Grave,24224830,False,1,0
1452,40,Snake-Eyes Diabellstar,27260347,False,1,0
1453,40,Legendary Fire King Ponix,90681088,False,1,0
1454,40,Fire King High Avatar Garunix,23015896,False,1,0
1455,40,Fire King Island,57554544,False,1,0
1456,40,Dominus Impulse,40366667,False,3,0
1457,40,Snake-Eye Oak,45663742,True,1,0
1458,40,Fire King Avatar Arvata,18621798,False,1,0
1459,40,Original Sinful Spoils - Snake-Eye,89023486,False,1,0
1460,40,Ash Blossom & Joyous Spring,14558128,False,3,0
1461,40,Divine Temple of the Snake-Eye,53639887,False,1,0
1462,40,Snake-Eyes Flamberge Dragon,48452496,False,1,0
1463,40,Triple Tactics Talent,25311006,False,1,0
1464,40,Sacred Fire King Garunix,66431519,False,1,0
1465,40,Fire King Sanctuary,65305978,False,1,0
1466,40,Fire King Consort Ulkanix,44455560,False,2,0
1467,40,"Garunix Eternity, Hyang of the Fire Kings",64182380,False,1,1
1468,40,"Dharc the Dark Charmer, Gloomy",8264361,False,1,1
1469,40,S:P Little Knight,29301450,True,1,1
1470,40,Knightmare Phoenix,2857636,True,1,1
1471,40,Accesscode Talker,86066372,False,1,1
1472,40,"Promethean Princess, Bestower of Flames",2772337,False,2,1
1473,40,I:P Masquerena,65741786,True,1,1
1474,40,Salamangreat Raging Phoenix,57134592,False,1,1
1475,40,Amphibious Swarmship Amblowhale,20665527,False,1,1
1476,40,Azamina Rhea Silvera,46396218,True,1,1
1477,40,Azamina Mu Rcielago,73391962,True,1,1
1478,40,"Hiita the Fire Charmer, Ablaze",48815792,False,1,1
1479,40,Relinquished Anima,94259633,False,1,1
1480,40,Salamangreat Sunlight Wolf,87871125,False,1,1
