rowid,Name,IsFirst,PostSide,Pool,Result,Enemy
1,AI_FireKing,True,False,0,0,AI_Fireking2
2,AI_FireKing,True,False,0,1,AI_Fireking2
3,AI_FireKing,True,False,0,0,AI_Fireking2
4,AI_FireKing,True,False,0,1,AI_Fireking2
5,AI_FireKing,True,False,0,0,AI_Fireking2
6,AI_FireKing,True,False,0,1,AI_Fireking2
7,AI_FireKing,True,False,0,0,AI_Fireking2
8,AI_FireKing,True,False,0,1,AI_Fireking2
9,AI_FireKing,True,False,0,0,AI_Fireking2
10,AI_FireKing,True,False,0,1,AI_Fireking2
11,AI_FireKing,True,False,0,0,AI_Fireking2
12,AI_FireKing,True,False,0,0,AI_Fireking2
13,AI_FireKing,True,False,0,0,AI_Fireking2
14,AI_FireKing,True,False,0,0,AI_Fireking2
15,AI_FireKing,True,False,0,0,AI_Fireking2
16,AI_FireKing,True,False,0,0,AI_Fireking2
17,AI_FireKing,True,False,0,0,AI_Fireking2
18,AI_FireKing,True,False,0,1,AI_Fireking2
19,AI_FireKing,True,False,0,0,AI_Fireking2
20,AI_FireKing,True,False,0,0,AI_Fireking2
21,AI_FireKing,True,False,0,0,AI_Fireking2
22,AI_FireKing,True,False,0,0,AI_Fireking2
23,AI_FireKing,True,False,0,0,AI_Fireking2
24,AI_FireKing,True,False,0,0,AI_Fireking2
25,AI_FireKing,True,False,0,0,AI_Fireking2
26,AI_FireKing,True,False,0,0,AI_Fireking2
27,AI_FireKing,True,False,0,0,AI_Fireking2
28,AI_FireKing,True,False,0,0,AI_Fireking2
29,AI_FireKing,True,False,0,0,AI_Fireking2
30,AI_FireKing,True,False,0,0,AI_Fireking2
31,AI_FireKing,True,False,0,0,AI_Fireking2
32,AI_FireKing,True,False,0,0,AI_Fireking2
33,AI_FireKing,True,False,0,0,AI_Fireking2
34,AI_FireKing,True,False,0,0,AI_Fireking2
35,AI_FireKing,True,False,0,0,AI_Fireking2
36,AI_FireKing,True,False,0,0,AI_Fireking2
37,AI_FireKing,True,False,0,0,AI_Fireking2
38,AI_FireKing,True,False,0,0,AI_Fireking2
39,AI_FireKing,True,False,0,0,AI_Fireking2
40,AI_FireKing,True,False,0,0,AI_Fireking2
41,AI_FireKing,True,False,0,0,AI_Fireking2
42,AI_FireKing,True,False,0,0,AI_Fireking2
43,AI_FireKing,True,False,0,0,AI_Fireking2
44,AI_FireKing,True,False,0,0,AI_Fireking2
45,AI_FireKing,True,False,0,0,AI_Fireking2
46,AI_FireKing,True,False,0,0,AI_Fireking2
47,AI_FireKing,True,False,0,0,AI_Fireking2
48,AI_FireKing,True,False,0,0,AI_Fireking2
49,AI_FireKing,True,False,0,0,AI_Fireking2
50,AI_FireKing,True,False,0,0,AI_Fireking2
51,AI_FireKing,True,False,0,0,AI_Fireking2
52,AI_FireKing,True,False,0,0,AI_Fireking2
53,AI_FireKing,True,False,0,0,AI_Fireking2
54,AI_FireKing,True,False,0,0,AI_Fireking2
55,AI_FireKing,True,False,0,0,AI_Fireking2
56,AI_FireKing,True,False,0,0,AI_Fireking2
57,AI_FireKing,True,False,0,0,AI_Fireking2
58,AI_FireKing,True,False,0,0,AI_Fireking2
59,AI_FireKing,True,False,0,0,AI_Fireking2
60,AI_FireKing,True,False,0,0,AI_Fireking2
61,AI_FireKing,True,False,0,0,AI_Fireking2
62,AI_FireKing,True,False,0,0,AI_Fireking2
63,AI_FireKing,True,False,0,0,AI_Fireking2
64,AI_FireKing,True,False,0,0,AI_Fireking2
65,AI_FireKing,True,False,0,0,AI_Fireking2
66,AI_FireKing,True,False,0,0,AI_Fireking2
67,AI_FireKing,True,False,0,0,AI_Fireking2
68,AI_FireKing,True,False,0,0,AI_Fireking2
69,AI_FireKing,True,False,0,0,AI_Fireking2
70,AI_FireKing,True,False,0,0,AI_Fireking2
71,AI_FireKing,True,False,0,0,AI_Fireking2
72,AI_FireKing,True,False,0,0,AI_Fireking2
73,AI_FireKing,True,False,0,0,AI_Fireking2
74,AI_FireKing,True,False,0,0,AI_Fireking2
75,AI_FireKing,True,False,0,0,AI_Fireking2
76,AI_FireKing,True,False,0,1,AI_Fireking2
77,AI_FireKing,True,False,0,0,AI_Fireking2
78,AI_FireKing,True,False,0,0,AI_Fireking2
79,AI_FireKing,True,False,0,0,AI_Fireking2
80,AI_FireKing,True,False,0,0,AI_Fireking2
81,AI_FireKing,True,False,0,0,AI_Fireking2
82,AI_FireKing,True,False,0,0,AI_Fireking2
83,AI_FireKing,True,False,0,0,AI_Fireking2
84,AI_FireKing,True,False,0,1,AI_Fireking2
85,AI_FireKing,True,False,0,0,AI_Fireking2
86,AI_FireKing,True,False,0,0,AI_Fireking2
87,AI_FireKing,True,False,0,1,AI_Fireking2
88,AI_FireKing,True,False,0,0,AI_Fireking2
89,AI_FireKing,True,False,0,0,AI_Fireking2
90,AI_FireKing,True,False,0,0,AI_Fireking2
91,AI_FireKing,True,False,0,0,AI_Fireking2
92,AI_FireKing,True,False,0,0,AI_Fireking2
93,AI_FireKing,True,False,0,0,AI_Fireking2
94,AI_FireKing,True,False,0,0,AI_Fireking2
95,AI_FireKing,True,False,0,1,AI_Fireking2
96,AI_FireKing,True,False,0,1,AI_Fireking2
97,AI_FireKing,True,False,0,0,AI_Fireking2
98,AI_FireKing,True,False,0,0,AI_Fireking2
99,AI_FireKing,True,False,0,0,AI_Fireking2
100,AI_FireKing,True,False,0,0,AI_Fireking2
101,AI_FireKing,True,False,0,0,AI_Fireking2
102,AI_FireKing,True,False,0,0,AI_Fireking2
103,AI_FireKing,True,False,0,0,AI_Fireking2
104,AI_FireKing,True,False,0,1,AI_Fireking2
105,AI_FireKing,True,False,0,0,AI_Fireking2
106,AI_FireKing,True,False,0,0,AI_Fireking2
107,AI_FireKing,True,False,0,0,AI_Fireking2
108,AI_FireKing,True,False,0,0,AI_Fireking2
109,AI_FireKing,True,False,0,0,AI_Fireking2
110,AI_FireKing,True,False,0,0,AI_Fireking2
111,AI_FireKing,True,False,0,0,AI_Fireking2
112,AI_FireKing,True,False,0,0,AI_Fireking2
113,AI_FireKing,True,False,0,0,AI_Fireking2
114,AI_FireKing,True,False,0,0,AI_Fireking2
115,AI_FireKing,True,False,0,0,AI_Fireking2
116,AI_FireKing,True,False,0,0,AI_Fireking2
117,AI_FireKing,True,False,0,0,AI_Fireking2
118,AI_FireKing,True,False,0,0,AI_Fireking2
119,AI_FireKing,True,False,0,0,AI_Fireking2
120,AI_FireKing,True,False,0,0,AI_Fireking2
121,AI_FireKing,True,False,0,0,AI_Fireking2
122,AI_FireKing,True,False,0,0,AI_Fireking2
123,AI_FireKing,True,False,0,0,AI_Fireking2
124,AI_FireKing,True,False,0,0,AI_Fireking2
125,AI_FireKing,True,False,0,0,AI_Fireking2
126,AI_FireKing,True,False,0,0,AI_Fireking2
127,AI_FireKing,True,False,0,0,AI_Fireking2
128,AI_FireKing,True,False,0,0,AI_Fireking2
129,AI_FireKing,True,False,0,0,AI_Fireking2
130,AI_FireKing,True,False,0,0,AI_Fireking2
131,AI_FireKing,True,False,0,0,AI_Fireking2
132,AI_FireKing,True,False,0,0,AI_Fireking2
133,AI_FireKing,True,False,0,0,AI_Fireking2
134,AI_FireKing,True,False,0,0,AI_Fireking2
135,AI_FireKing,True,False,0,0,AI_Fireking2
136,AI_FireKing,True,False,0,1,AI_Fireking2
137,AI_FireKing,True,False,0,0,AI_Fireking2
138,AI_FireKing,True,False,0,0,AI_Fireking2
139,AI_FireKing,True,False,0,0,AI_Fireking2
140,AI_FireKing,True,False,0,0,AI_Fireking2
141,AI_FireKing,True,False,0,0,AI_Fireking2
142,AI_FireKing,True,False,0,0,AI_Fireking2
143,AI_FireKing,True,False,0,0,AI_Fireking2
144,AI_FireKing,True,False,0,0,AI_Fireking2
145,AI_FireKing,True,False,0,0,AI_Fireking2
146,AI_FireKing,True,False,0,0,AI_Fireking2
147,AI_FireKing,True,False,0,0,AI_Fireking2
148,AI_FireKing,True,False,0,0,AI_Fireking2
149,AI_FireKing,True,False,0,0,AI_Fireking2
150,AI_FireKing,True,False,0,0,AI_Fireking2
151,AI_FireKing,True,False,0,0,AI_Fireking2
152,AI_FireKing,True,False,0,0,AI_Fireking2
153,AI_FireKing,True,False,0,0,AI_Fireking2
154,AI_FireKing,True,False,0,0,AI_Fireking2
155,AI_FireKing,True,False,0,0,AI_Fireking2
156,AI_FireKing,True,False,0,0,AI_Fireking2
157,AI_FireKing,True,False,0,0,AI_Fireking2
158,AI_FireKing,True,False,0,0,AI_Fireking2
159,AI_FireKing,True,False,0,0,AI_Fireking2
160,AI_FireKing,True,False,0,0,AI_Fireking2
161,AI_FireKing,True,False,0,0,AI_Fireking2
162,AI_FireKing,True,False,0,0,AI_Fireking2
163,AI_FireKing,True,False,0,0,AI_Fireking2
164,AI_FireKing,True,False,0,0,AI_Fireking2
165,AI_FireKing,True,False,0,0,AI_Fireking2
166,AI_FireKing,True,False,0,0,AI_Fireking2
167,AI_FireKing,True,False,0,0,AI_Fireking2
168,AI_FireKing,True,False,0,0,AI_Fireking2
169,AI_FireKing,True,False,0,0,AI_Fireking2
170,AI_FireKing,True,False,0,0,AI_Fireking2
171,AI_FireKing,True,False,0,0,AI_Fireking2
172,AI_FireKing,True,False,0,0,AI_Fireking2
173,AI_FireKing,True,False,0,0,AI_Fireking2
174,AI_FireKing,True,False,0,0,AI_Fireking2
175,AI_FireKing,True,False,0,0,AI_Fireking2
176,AI_FireKing,True,False,0,0,AI_Fireking2
177,AI_FireKing,True,False,0,0,AI_Fireking2
178,AI_FireKing,True,False,0,0,AI_Fireking2
179,AI_FireKing,True,False,0,0,AI_Fireking2
180,AI_FireKing,True,False,0,0,AI_Fireking2
181,AI_FireKing,True,False,0,0,AI_Fireking2
182,AI_FireKing,True,False,0,0,AI_Fireking2
183,AI_FireKing,True,False,0,0,AI_Fireking2
184,AI_FireKing,True,False,0,0,AI_Fireking2
185,AI_FireKing,True,False,0,0,AI_Fireking2
186,AI_FireKing,True,False,0,0,AI_Fireking2
187,AI_FireKing,True,False,0,0,AI_Fireking2
188,AI_FireKing,True,False,0,0,AI_Fireking2
189,AI_FireKing,True,False,0,0,AI_Fireking2
190,AI_FireKing,True,False,0,0,AI_Fireking2
191,AI_FireKing,True,False,0,0,AI_Fireking2
192,AI_FireKing,True,False,0,0,AI_Fireking2
193,AI_FireKing,True,False,0,0,AI_Fireking2
194,AI_FireKing,True,False,0,0,AI_Fireking2
195,AI_FireKing,True,False,0,0,AI_Fireking2
196,AI_FireKing,True,False,0,0,AI_Fireking2
197,AI_FireKing,True,False,0,0,AI_Fireking2
198,AI_FireKing,True,False,0,0,AI_Fireking2
199,AI_FireKing,True,False,0,0,AI_Fireking2
200,AI_FireKing,True,False,0,0,AI_Fireking2
201,AI_FireKing,True,False,0,0,AI_Fireking2
202,AI_FireKing,True,False,0,0,AI_Fireking2
203,AI_FireKing,True,False,0,0,AI_Fireking2
204,AI_FireKing,True,False,0,0,AI_Fireking2
205,AI_FireKing,True,False,0,0,AI_Fireking2
206,AI_FireKing,True,False,0,0,AI_Fireking2
207,AI_FireKing,True,False,0,0,AI_Fireking2
208,AI_FireKing,True,False,0,0,AI_Fireking2
209,AI_FireKing,True,False,0,0,AI_Fireking2
210,AI_FireKing,True,False,0,0,AI_Fireking2
211,AI_FireKing,True,False,0,0,AI_Fireking2
212,AI_FireKing,True,False,0,0,AI_Fireking2
213,AI_FireKing,True,False,0,0,AI_Fireking2
214,AI_FireKing,True,False,0,0,AI_Fireking2
215,AI_FireKing,True,False,0,0,AI_Fireking2
216,AI_FireKing,True,False,0,0,AI_Fireking2
217,AI_FireKing,True,False,0,0,AI_Fireking2
218,AI_FireKing,True,False,0,0,AI_Fireking2
219,AI_FireKing,True,False,0,0,AI_Fireking2
220,AI_FireKing,True,False,0,0,AI_Fireking2
221,AI_FireKing,True,False,0,0,AI_Fireking2
222,AI_FireKing,True,False,0,0,AI_Fireking2
223,AI_FireKing,True,False,0,0,AI_Fireking2
224,AI_FireKing,True,False,0,0,AI_Fireking2
225,AI_FireKing,True,False,0,0,AI_Fireking2
226,AI_FireKing,True,False,0,0,AI_Fireking2
227,AI_FireKing,True,False,0,1,AI_Fireking2
228,AI_FireKing,True,False,0,0,AI_Fireking2
229,AI_FireKing,True,False,0,0,AI_Fireking2
230,AI_FireKing,True,False,0,0,AI_Fireking2
231,AI_FireKing2,False,False,0,1,AI_Fireking
232,AI_FireKing2,False,False,0,1,AI_Fireking
233,AI_FireKing2,False,False,0,1,AI_Fireking
234,AI_FireKing2,False,False,0,1,AI_Fireking
235,AI_FireKing2,False,False,0,0,AI_Fireking
236,AI_FireKing2,False,False,0,0,AI_Fireking
237,AI_FireKing2,False,False,0,0,AI_Fireking
238,AI_FireKing2,False,False,0,0,AI_Fireking
239,AI_FireKing2,False,False,0,0,AI_Fireking
240,AI_FireKing2,False,False,0,0,AI_Fireking
241,AI_FireKing2,False,False,0,0,AI_Fireking
242,AI_FireKing2,False,False,0,0,AI_Fireking
243,AI_FireKing2,False,False,0,0,AI_Fireking
244,AI_FireKing2,False,False,0,0,AI_Fireking
245,AI_FireKing2,False,False,0,0,AI_Fireking
246,AI_FireKing2,False,False,0,0,AI_Fireking
247,AI_FireKing2,False,False,0,0,AI_Fireking
248,AI_FireKing2,False,False,0,0,AI_Fireking
249,AI_FireKing2,False,False,0,0,AI_Fireking
250,AI_FireKing2,False,False,0,0,AI_Fireking
251,AI_FireKing2,False,False,0,0,AI_Fireking
252,AI_FireKing2,False,False,0,0,AI_Fireking
253,AI_FireKing2,False,False,0,0,AI_Fireking
254,AI_FireKing2,False,False,0,0,AI_Fireking
255,AI_FireKing2,False,False,0,0,AI_Fireking
256,AI_FireKing2,False,False,0,0,AI_Fireking
257,AI_FireKing2,False,False,0,0,AI_Fireking
258,AI_FireKing2,False,False,0,0,AI_Fireking
259,AI_FireKing2,False,False,0,0,AI_Fireking
260,AI_FireKing2,False,False,0,0,AI_Fireking
261,AI_FireKing2,False,False,0,0,AI_Fireking
262,AI_FireKing2,False,False,0,0,AI_Fireking
263,AI_FireKing2,False,False,0,0,AI_Fireking
264,AI_FireKing2,False,False,0,0,AI_Fireking
265,AI_FireKing2,False,False,0,0,AI_Fireking
266,AI_FireKing2,False,False,0,0,AI_Fireking
267,AI_FireKing2,False,False,0,0,AI_Fireking
268,AI_FireKing2,False,False,0,0,AI_Fireking
269,AI_FireKing2,False,False,0,0,AI_Fireking
270,AI_FireKing2,False,False,0,0,AI_Fireking
271,AI_FireKing2,False,False,0,0,AI_Fireking
272,AI_FireKing2,False,False,0,0,AI_Fireking
273,AI_FireKing2,False,False,0,0,AI_Fireking
274,AI_FireKing2,False,False,0,0,AI_Fireking
275,AI_FireKing2,False,False,0,0,AI_Fireking
276,AI_FireKing2,False,False,0,0,AI_Fireking
277,AI_FireKing2,False,False,0,1,AI_Fireking
278,AI_FireKing2,False,False,0,1,AI_Fireking
279,AI_FireKing2,False,False,0,1,AI_Fireking
280,AI_FireKing2,False,False,0,1,AI_Fireking
281,AI_FireKing2,False,False,0,1,AI_Fireking
282,AI_FireKing2,False,False,0,1,AI_Fireking
283,AI_FireKing2,False,False,0,1,AI_Fireking
284,AI_FireKing2,False,False,0,1,AI_Fireking
285,AI_FireKing2,False,False,0,1,AI_Fireking
286,AI_FireKing2,False,False,0,1,AI_Fireking
287,AI_FireKing2,False,False,0,1,AI_Fireking
288,AI_FireKing2,False,False,0,1,AI_Fireking
289,AI_FireKing2,False,False,0,1,AI_Fireking
290,AI_FireKing2,False,False,0,1,AI_Fireking
291,AI_FireKing2,False,False,0,1,AI_Fireking
292,AI_FireKing2,False,False,0,1,AI_Fireking
293,AI_FireKing2,False,False,0,1,AI_Fireking
294,AI_FireKing2,False,False,0,1,AI_Fireking
295,AI_FireKing2,False,False,0,1,AI_Fireking
296,AI_FireKing2,False,False,0,1,AI_Fireking
297,AI_FireKing2,False,False,0,1,AI_Fireking
298,AI_FireKing2,False,False,0,1,AI_Fireking
299,AI_FireKing2,False,False,0,1,AI_Fireking
300,AI_FireKing2,False,False,0,1,AI_Fireking
301,AI_FireKing2,False,False,0,1,AI_Fireking
302,AI_FireKing2,False,False,0,1,AI_Fireking
303,AI_FireKing2,False,False,0,1,AI_Fireking
304,AI_FireKing2,False,False,0,1,AI_Fireking
305,AI_FireKing2,False,False,0,1,AI_Fireking
306,AI_FireKing2,False,False,0,1,AI_Fireking
307,AI_FireKing2,False,False,0,1,AI_Fireking
308,AI_FireKing2,False,False,0,1,AI_Fireking
309,AI_FireKing2,False,False,0,1,AI_Fireking
310,AI_FireKing2,False,False,0,1,AI_Fireking
311,AI_FireKing2,False,False,0,1,AI_Fireking
312,AI_FireKing2,False,False,0,1,AI_Fireking
313,AI_FireKing2,False,False,0,1,AI_Fireking
314,AI_FireKing2,False,False,0,1,AI_Fireking
315,AI_FireKing2,False,False,0,1,AI_Fireking
316,AI_FireKing2,False,False,0,1,AI_Fireking
317,AI_FireKing2,False,False,0,1,AI_Fireking
318,AI_FireKing2,False,False,0,1,AI_Fireking
319,AI_FireKing2,False,False,0,1,AI_Fireking
320,AI_FireKing2,False,False,0,1,AI_Fireking
321,AI_FireKing2,False,False,0,1,AI_Fireking
322,AI_FireKing2,False,False,0,1,AI_Fireking
323,AI_FireKing2,False,False,0,1,AI_Fireking
324,AI_FireKing2,False,False,0,1,AI_Fireking
325,AI_FireKing2,False,False,0,1,AI_Fireking
326,AI_FireKing2,False,False,0,1,AI_Fireking
327,AI_FireKing2,False,False,0,1,AI_Fireking
328,AI_FireKing2,False,False,0,1,AI_Fireking
329,AI_FireKing2,False,False,0,1,AI_Fireking
330,AI_FireKing2,False,False,0,1,AI_Fireking
331,AI_FireKing2,False,False,0,1,AI_Fireking
332,AI_FireKing2,False,False,0,1,AI_Fireking
333,AI_FireKing2,False,False,0,1,AI_Fireking
334,AI_FireKing2,False,False,0,1,AI_Fireking
335,AI_FireKing2,False,False,0,1,AI_Fireking
336,AI_FireKing2,False,False,0,1,AI_Fireking
337,AI_FireKing2,False,False,0,1,AI_Fireking
338,AI_FireKing2,False,False,0,1,AI_Fireking
339,AI_FireKing2,False,False,0,1,AI_Fireking
340,AI_FireKing2,False,False,0,1,AI_Fireking
341,AI_FireKing2,False,False,0,0,AI_Fireking
342,AI_FireKing2,False,False,0,0,AI_Fireking
343,AI_FireKing2,False,False,0,1,AI_Fireking
344,AI_FireKing2,False,False,0,0,AI_Fireking
345,AI_FireKing2,False,False,0,0,AI_Fireking
346,AI_FireKing2,False,False,0,1,AI_Fireking
347,AI_FireKing2,False,False,0,0,AI_Fireking
348,AI_FireKing2,False,False,0,0,AI_Fireking
349,AI_FireKing2,False,False,0,1,AI_Fireking
350,AI_FireKing2,False,False,0,0,AI_Fireking
351,AI_FireKing2,False,False,0,0,AI_Fireking
352,AI_FireKing2,False,False,0,1,AI_Fireking
353,AI_FireKing2,False,False,0,0,AI_Fireking
354,AI_FireKing2,False,False,0,0,AI_Fireking
355,AI_FireKing2,False,False,0,1,AI_Fireking
356,AI_FireKing2,False,False,0,0,AI_Fireking
357,AI_FireKing2,False,False,0,0,AI_Fireking
358,AI_FireKing2,False,False,0,1,AI_Fireking
359,AI_FireKing2,False,False,0,0,AI_Fireking
360,AI_FireKing2,False,False,0,0,AI_Fireking
361,AI_FireKing2,False,False,0,1,AI_Fireking
362,AI_FireKing2,False,False,0,0,AI_Fireking
363,AI_FireKing2,False,False,0,0,AI_Fireking
364,AI_FireKing2,False,False,0,1,AI_Fireking
365,AI_FireKing2,False,False,0,0,AI_Fireking
366,AI_FireKing2,False,False,0,0,AI_Fireking
367,AI_FireKing2,False,False,0,1,AI_Fireking
368,AI_FireKing2,False,False,0,0,AI_Fireking
369,AI_FireKing2,False,False,0,0,AI_Fireking
370,AI_FireKing2,False,False,0,1,AI_Fireking
371,AI_FireKing2,False,False,0,0,AI_Fireking
372,AI_FireKing2,False,False,0,0,AI_Fireking
373,AI_FireKing2,False,False,0,1,AI_Fireking
374,AI_FireKing2,False,False,0,0,AI_Fireking
375,AI_FireKing2,False,False,0,0,AI_Fireking
376,AI_FireKing2,False,False,0,1,AI_Fireking
377,AI_FireKing2,False,False,0,0,AI_Fireking
378,AI_FireKing2,False,False,0,0,AI_Fireking
379,AI_FireKing2,False,False,0,1,AI_Fireking
380,AI_FireKing2,False,False,0,0,AI_Fireking
381,AI_FireKing2,False,False,0,0,AI_Fireking
382,AI_FireKing2,False,False,0,1,AI_Fireking
383,AI_FireKing2,False,False,0,0,AI_Fireking
384,AI_FireKing2,False,False,0,0,AI_Fireking
385,AI_FireKing2,False,False,0,1,AI_Fireking
386,AI_FireKing2,False,False,0,0,AI_Fireking
387,AI_FireKing2,False,False,0,0,AI_Fireking
388,AI_FireKing2,False,False,0,1,AI_Fireking
389,AI_FireKing2,False,False,0,0,AI_Fireking
390,AI_FireKing2,False,False,0,0,AI_Fireking
391,AI_FireKing2,False,False,0,1,AI_Fireking
392,AI_FireKing2,False,False,0,1,AI_Fireking
393,AI_FireKing2,False,False,0,0,AI_Fireking
394,AI_FireKing2,False,False,0,0,AI_Fireking
395,AI_FireKing2,False,False,0,1,AI_Fireking
396,AI_FireKing2,False,False,0,1,AI_Fireking
397,AI_FireKing2,False,False,0,0,AI_Fireking
398,AI_FireKing2,False,False,0,0,AI_Fireking
399,AI_FireKing2,False,False,0,1,AI_Fireking
400,AI_FireKing2,False,False,0,1,AI_Fireking
401,AI_FireKing2,False,False,0,0,AI_Fireking
402,AI_FireKing2,False,False,0,0,AI_Fireking
403,AI_FireKing2,False,False,0,1,AI_Fireking
404,AI_FireKing2,False,False,0,1,AI_Fireking
405,AI_FireKing2,False,False,0,0,AI_Fireking
406,AI_FireKing2,False,False,0,0,AI_Fireking
407,AI_FireKing2,False,False,0,1,AI_Fireking
408,AI_FireKing2,False,False,0,1,AI_Fireking
409,AI_FireKing2,False,False,0,0,AI_Fireking
410,AI_FireKing2,False,False,0,0,AI_Fireking
411,AI_FireKing2,False,False,0,1,AI_Fireking
412,AI_FireKing2,False,False,0,1,AI_Fireking
413,AI_FireKing2,False,False,0,0,AI_Fireking
414,AI_FireKing2,False,False,0,0,AI_Fireking
415,AI_FireKing2,False,False,0,1,AI_Fireking
416,AI_FireKing2,False,False,0,1,AI_Fireking
417,AI_FireKing2,False,False,0,0,AI_Fireking
418,AI_FireKing2,False,False,0,0,AI_Fireking
419,AI_FireKing2,False,False,0,1,AI_Fireking
420,AI_FireKing2,False,False,0,1,AI_Fireking
421,AI_FireKing2,False,False,0,0,AI_Fireking
422,AI_FireKing2,False,False,0,0,AI_Fireking
423,AI_FireKing2,False,False,0,1,AI_Fireking
424,AI_FireKing2,False,False,0,1,AI_Fireking
425,AI_FireKing2,False,False,0,0,AI_Fireking
426,AI_FireKing2,False,False,0,0,AI_Fireking
427,AI_FireKing2,False,False,0,1,AI_Fireking
428,AI_FireKing2,False,False,0,1,AI_Fireking
429,AI_FireKing2,False,False,0,0,AI_Fireking
430,AI_FireKing2,False,False,0,0,AI_Fireking
431,AI_FireKing2,False,False,0,1,AI_Fireking
432,AI_FireKing2,False,False,0,1,AI_Fireking
433,AI_FireKing2,False,False,0,0,AI_Fireking
434,AI_FireKing2,False,False,0,0,AI_Fireking
435,AI_FireKing2,False,False,0,1,AI_Fireking
436,AI_FireKing2,False,False,0,1,AI_Fireking
437,AI_FireKing2,False,False,0,0,AI_Fireking
438,AI_FireKing2,False,False,0,0,AI_Fireking
439,AI_FireKing2,False,False,0,1,AI_Fireking
440,AI_FireKing2,False,False,0,1,AI_Fireking
441,AI_FireKing2,False,False,0,0,AI_Fireking
442,AI_FireKing2,False,False,0,0,AI_Fireking
443,AI_FireKing2,False,False,0,1,AI_Fireking
444,AI_FireKing2,False,False,0,1,AI_Fireking
445,AI_FireKing2,False,False,0,0,AI_Fireking
446,AI_FireKing2,False,False,0,1,AI_Fireking
447,AI_FireKing2,False,False,0,1,AI_Fireking
448,AI_FireKing2,False,False,0,0,AI_Fireking
449,AI_FireKing2,False,False,0,0,AI_Fireking
450,AI_FireKing2,False,False,0,0,AI_Fireking
451,AI_FireKing2,False,False,0,1,AI_Fireking
452,AI_FireKing2,False,False,0,0,AI_Fireking
453,AI_FireKing2,False,False,0,0,AI_Fireking
454,AI_FireKing2,False,False,0,0,AI_Fireking
455,AI_FireKing2,False,False,0,0,AI_Fireking
456,AI_FireKing2,False,False,0,0,AI_Fireking
457,AI_FireKing2,False,False,0,0,AI_Fireking
458,AI_FireKing2,False,False,0,0,AI_Fireking
459,AI_FireKing2,False,False,0,0,AI_Fireking
460,AI_FireKing2,False,False,0,0,AI_Fireking
461,AI_FireKing2,False,False,0,1,AI_Fireking
462,AI_FireKing2,False,False,0,0,AI_Fireking
463,AI_FireKing2,False,False,0,0,AI_Fireking
464,AI_FireKing2,False,False,0,0,AI_Fireking
465,AI_FireKing2,False,False,0,0,AI_Fireking
466,AI_FireKing2,False,False,0,0,AI_Fireking
467,AI_FireKing2,False,False,0,0,AI_Fireking
468,AI_FireKing2,False,False,0,0,AI_Fireking
469,0,True,False,0,1,1
470,0,True,False,0,0,1
471,0,True,False,0,0,1
472,0,True,False,0,0,1
473,0,True,False,0,0,1
474,0,True,False,0,1,1
475,0,True,False,0,0,1
476,0,True,False,0,0,1
477,0,True,False,0,1,1
478,0,True,False,0,0,1
479,0,True,False,0,1,1
480,0,True,False,0,0,1
481,0,True,False,0,1,1
482,0,True,False,0,0,1
483,0,True,False,0,1,1
484,0,True,False,0,1,1
485,0,True,False,0,1,1
486,0,True,False,0,0,1
487,0,True,False,0,0,1
488,0,True,False,0,0,1
489,0,True,False,0,1,1
490,0,True,False,0,1,1
491,0,True,False,0,0,1
492,0,True,False,0,0,1
493,0,True,False,0,0,1
494,0,True,False,0,0,1
495,0,True,False,0,1,1
496,0,True,False,0,1,1
497,0,True,False,0,0,1
498,0,True,False,0,1,1
499,0,True,False,0,0,1
500,0,True,False,0,0,1
501,0,True,False,0,1,1
502,0,True,False,0,1,1
503,0,True,False,0,1,1
504,0,True,False,0,1,1
505,0,True,False,0,0,1
506,0,True,False,0,1,1
507,0,True,False,0,0,1
508,0,True,False,0,1,1
509,0,True,False,0,0,1
510,0,True,False,0,0,1
511,0,True,False,0,1,1
512,0,True,False,0,1,1
513,0,True,False,0,0,1
514,0,True,False,0,0,1
515,0,True,False,0,0,1
516,0,True,False,0,1,1
517,0,True,False,0,1,1
518,0,True,False,0,1,1
519,0,True,False,0,0,1
520,0,True,False,0,1,1
521,0,True,False,0,1,1
522,0,True,False,0,1,1
523,0,True,False,0,1,1
524,0,True,False,0,0,1
525,0,True,False,0,0,1
526,0,True,False,0,0,1
527,0,True,False,0,1,1
528,0,True,False,0,1,1
529,0,True,False,0,1,1
530,0,True,False,0,1,1
531,0,True,False,0,1,1
532,0,True,False,0,0,1
533,0,True,False,0,0,1
534,0,True,False,0,0,1
535,0,True,False,0,1,1
536,0,True,False,0,1,1
537,0,True,False,0,0,1
538,0,True,False,0,1,1
539,0,True,False,0,1,1
540,0,True,False,0,0,1
541,0,True,False,0,0,1
542,0,True,False,0,0,1
543,0,True,False,0,0,1
544,0,True,False,0,1,1
545,0,True,False,0,0,1
546,0,True,False,0,0,1
547,0,True,False,0,1,1
548,0,True,False,0,0,1
549,0,True,False,0,0,1
550,0,True,False,0,1,1
551,0,True,False,0,0,1
552,0,True,False,0,0,1
553,0,True,False,0,0,1
554,0,True,False,0,0,1
555,0,True,False,0,1,1
556,0,True,False,0,1,1
557,0,True,False,0,1,1
558,0,True,False,0,1,1
559,0,True,False,0,0,1
560,0,True,False,0,1,1
561,0,True,False,0,1,1
562,0,True,False,0,0,1
563,0,True,False,0,0,1
564,0,True,False,0,1,1
565,0,True,False,0,1,1
566,0,True,False,0,1,1
567,0,True,False,0,0,1
568,0,True,False,0,1,1
569,0,True,False,0,0,1
570,0,True,False,0,0,1
571,0,True,False,0,0,1
572,0,True,False,0,1,1
573,0,True,False,0,0,1
574,0,True,False,0,0,1
575,0,True,False,0,1,1
576,0,True,False,0,1,1
577,0,True,False,0,1,1
578,0,True,False,0,1,1
579,0,True,False,0,0,1
580,1,False,False,1,0,0
581,1,False,False,1,0,0
582,1,False,False,1,1,0
583,1,False,False,1,1,0
584,1,False,False,1,1,0
585,1,False,False,1,1,0
586,1,False,False,1,1,0
587,1,False,False,1,1,0
588,1,False,False,1,1,0
589,1,False,False,1,1,0
590,1,False,False,1,1,0
591,1,False,False,1,1,0
592,1,False,False,1,1,0
593,1,False,False,1,1,0
594,1,False,False,1,1,0
595,1,False,False,1,1,0
596,1,False,False,1,1,0
597,1,False,False,1,1,0
598,1,False,False,1,1,0
599,1,False,False,1,1,0
600,1,False,False,1,1,0
601,1,False,False,1,1,0
602,1,False,False,1,0,0
603,1,False,False,1,0,0
604,1,False,False,1,1,0
605,1,False,False,1,0,0
606,1,False,False,1,1,0
607,1,False,False,1,0,0
608,1,False,False,1,0,0
609,1,False,False,1,0,0
610,1,False,False,1,1,0
611,1,False,False,1,0,0
612,1,False,False,1,1,0
613,1,False,False,1,1,0
614,1,False,False,1,0,0
615,1,False,False,1,0,0
616,1,False,False,1,0,0
617,1,False,False,1,0,0
618,1,False,False,1,0,0
619,1,False,False,1,0,0
620,1,False,False,1,0,0
621,1,False,False,1,0,0
622,1,False,False,1,0,0
623,1,False,False,1,0,0
624,1,False,False,1,0,0
625,1,False,False,1,1,0
626,1,False,False,1,0,0
627,1,False,False,1,1,0
628,1,False,False,1,0,0
629,1,False,False,1,0,0
630,1,False,False,1,0,0
631,1,False,False,1,0,0
632,1,False,False,1,0,0
633,1,False,False,1,0,0
634,1,False,False,1,0,0
635,1,False,False,1,1,0
636,1,False,False,1,0,0
637,1,False,False,1,1,0
638,1,False,False,1,0,0
639,1,False,False,1,0,0
640,1,False,False,1,1,0
641,1,False,False,1,0,0
642,1,False,False,1,0,0
643,1,False,False,1,1,0
644,1,False,False,1,0,0
645,1,False,False,1,1,0
646,1,False,False,1,0,0
647,1,False,False,1,1,0
648,1,False,False,1,1,0
649,1,False,False,1,0,0
650,1,False,False,1,1,0
651,1,False,False,1,1,0
652,1,False,False,1,0,0
653,1,False,False,1,1,0
654,1,False,False,1,0,0
655,1,False,False,1,1,0
656,1,False,False,1,0,0
657,1,False,False,1,1,0
658,1,False,False,1,0,0
659,1,False,False,1,0,0
660,1,False,False,1,1,0
661,1,False,False,1,0,0
662,1,False,False,1,0,0
663,1,False,False,1,0,0
664,1,False,False,1,0,0
665,1,False,False,1,1,0
666,1,False,False,1,0,0
667,1,False,False,1,1,0
668,1,False,False,1,0,0
669,1,False,False,1,0,0
670,1,False,False,1,1,0
671,1,False,False,1,1,0
672,1,False,False,1,0,0
673,1,False,False,1,1,0
674,1,False,False,1,1,0
675,1,False,False,1,0,0
676,1,False,False,1,1,0
677,1,False,False,1,0,0
678,1,False,False,1,1,0
679,1,False,False,1,0,0
680,1,False,False,1,0,0
681,1,False,False,1,1,0
682,1,False,False,1,0,0
683,1,False,False,1,0,0
684,1,False,False,1,0,0
685,1,False,False,1,1,0
686,1,False,False,1,0,0
687,1,False,False,1,1,0
688,1,False,False,1,0,0
689,1,False,False,1,1,0
690,1,False,False,1,0,0
691,1,False,False,1,0,0
692,1,False,False,1,1,0
693,1,False,False,1,0,0
694,1,False,False,1,1,0
695,1,False,False,1,0,0
696,1,False,False,1,0,0
697,1,False,False,1,0,0
698,1,False,False,1,0,0
699,1,False,False,1,0,0
700,1,False,False,1,1,0
701,1,False,False,1,0,0
702,1,False,False,1,1,0
703,1,False,False,1,0,0
704,1,False,False,1,1,0
705,1,False,False,1,0,0
706,1,False,False,1,0,0
707,1,False,False,1,0,0
708,1,False,False,1,1,0
709,1,False,False,1,0,0
710,1,False,False,1,1,0
711,1,False,False,1,0,0
712,1,False,False,1,1,0
713,1,False,False,1,0,0
714,1,False,False,1,1,0
715,1,False,False,1,0,0
716,1,False,False,1,1,0
717,1,False,False,1,0,0
718,1,False,False,1,1,0
719,1,False,False,1,0,0
720,1,False,False,1,0,0
721,1,False,False,1,0,0
722,1,False,False,1,0,0
723,1,False,False,1,0,0
724,1,False,False,1,1,0
725,1,False,False,1,0,0
726,1,False,False,1,1,0
727,1,False,False,1,0,0
728,1,False,False,1,1,0
729,0,True,False,0,1,1
730,0,True,False,0,1,1
731,0,True,False,0,0,1
732,0,True,False,0,1,1
733,0,True,False,0,0,1
734,0,True,False,0,0,1
735,0,True,False,0,0,1
736,0,True,False,0,1,1
737,0,True,False,0,0,1
738,0,True,False,0,1,1
739,0,True,False,0,1,1
740,0,True,False,0,1,1
741,0,True,False,0,0,1
742,0,True,False,0,1,1
743,0,True,False,0,1,1
744,0,True,False,0,1,1
745,0,True,False,0,1,1
746,0,True,False,0,0,1
747,0,True,False,0,0,1
748,0,True,False,0,1,1
749,0,True,False,0,0,1
750,0,True,False,0,0,1
751,0,True,False,0,0,1
752,0,True,False,0,0,1
753,0,True,False,0,0,1
754,0,True,False,0,1,1
755,0,True,False,0,0,1
756,0,True,False,0,1,1
757,0,True,False,0,1,1
758,0,True,False,0,1,1
759,0,True,False,0,1,1
760,0,True,False,0,1,1
761,0,True,False,0,1,1
762,0,True,False,0,1,1
763,0,True,False,0,1,1
764,0,True,False,0,1,1
765,0,True,False,0,1,1
766,0,True,False,0,1,1
767,0,True,False,0,1,1
768,0,True,False,0,1,1
769,0,True,False,0,1,1
770,0,True,False,0,1,1
771,0,True,False,0,0,1
772,0,True,False,0,0,1
773,0,True,False,0,0,1
774,0,True,False,0,1,1
775,0,True,False,0,1,1
776,0,True,False,0,0,1
777,0,True,False,0,0,1
778,0,True,False,0,0,1
779,0,True,False,0,0,1
780,0,True,False,0,1,1
781,0,True,False,0,0,1
782,0,True,False,0,1,1
783,0,True,False,0,1,1
784,0,True,False,0,1,1
785,0,True,False,0,0,1
786,0,True,False,0,1,1
787,0,True,False,0,1,1
788,0,True,False,0,1,1
789,0,True,False,0,1,1
790,0,True,False,0,1,1
791,0,True,False,0,1,1
792,0,True,False,0,1,1
793,0,True,False,0,1,1
794,0,True,False,0,1,1
795,0,True,False,0,1,1
796,0,True,False,0,1,1
797,0,True,False,0,0,1
798,0,True,False,0,1,1
799,0,True,False,0,1,1
800,0,True,False,0,1,1
801,0,True,False,0,0,1
802,0,True,False,0,1,1
803,0,True,False,0,1,1
804,0,True,False,0,1,1
805,0,True,False,0,0,1
806,0,True,False,0,0,1
807,0,True,False,0,0,1
808,0,True,False,0,0,1
809,0,True,False,0,0,1
810,0,True,False,0,0,1
811,0,True,False,0,1,1
812,0,True,False,0,1,1
813,0,True,False,0,1,1
814,0,True,False,0,0,1
815,0,True,False,0,0,1
816,0,True,False,0,1,1
817,0,True,False,0,1,1
818,0,True,False,0,1,1
819,0,True,False,0,0,1
820,0,True,False,0,0,1
821,0,True,False,0,1,1
822,0,True,False,0,1,1
823,0,True,False,0,1,1
824,0,True,False,0,1,1
825,0,True,False,0,1,1
826,0,True,False,0,1,1
827,0,True,False,0,1,1
828,0,True,False,0,1,1
829,0,True,False,0,0,1
830,0,True,False,0,0,1
831,0,True,False,0,0,1
832,0,True,False,0,0,1
833,0,True,False,0,0,1
834,0,True,False,0,0,1
835,0,True,False,0,1,1
836,0,True,False,0,1,1
837,0,True,False,0,1,1
838,0,True,False,0,0,1
839,0,True,False,0,1,1
840,0,True,False,0,0,1
841,0,True,False,0,1,1
842,0,True,False,0,1,1
843,0,True,False,0,0,1
844,0,True,False,0,1,1
845,0,True,False,0,1,1
846,0,True,False,0,1,1
847,0,True,False,0,1,1
848,0,True,False,0,1,1
849,0,True,False,0,1,1
850,0,True,False,0,0,1
851,0,True,False,0,1,1
852,0,True,False,0,0,1
853,0,True,False,0,1,1
854,0,True,False,0,0,1
855,0,True,False,0,1,1
856,0,True,False,0,0,1
857,0,True,False,0,1,1
858,0,True,False,0,0,1
859,0,True,False,0,0,1
860,0,True,False,0,1,1
861,0,True,False,0,1,1
862,0,True,False,0,1,1
863,0,True,False,0,0,1
864,1,False,False,1,0,0
865,1,False,False,1,1,0
866,1,False,False,1,1,0
867,1,False,False,1,1,0
868,1,False,False,1,1,0
869,1,False,False,1,1,0
870,1,False,False,1,0,0
871,1,False,False,1,1,0
872,1,False,False,1,1,0
873,1,False,False,1,1,0
874,1,False,False,1,1,0
875,1,False,False,1,0,0
876,0,False,False,0,1,1
877,0,False,False,0,0,1
878,0,False,False,0,1,1
879,0,False,False,0,0,1
880,0,False,False,0,1,1
881,0,False,False,0,0,1
882,0,False,False,0,1,1
883,0,False,False,0,0,1
884,0,False,False,0,0,1
885,0,False,False,0,0,1
886,0,False,False,0,0,1
887,0,False,False,0,0,1
888,0,False,False,0,0,1
889,0,False,False,0,1,1
890,0,False,False,0,0,1
891,0,False,False,0,0,1
892,0,False,False,0,1,1
893,0,False,False,0,0,1
894,0,False,False,0,0,1
895,0,False,False,0,1,1
896,0,False,False,0,0,1
897,0,False,False,0,0,1
898,0,False,False,0,0,1
899,0,False,False,0,1,1
900,0,False,False,0,0,1
901,0,False,False,0,0,1
902,0,False,False,0,0,1
903,0,False,False,0,0,1
904,0,False,False,0,1,1
905,0,False,False,0,0,1
906,0,False,False,0,1,1
907,0,False,False,0,0,1
908,0,False,False,0,0,1
909,0,False,False,0,0,1
910,0,False,False,0,1,1
911,0,False,False,0,0,1
912,0,False,False,0,0,1
913,0,False,False,0,0,1
914,0,False,False,0,0,1
915,0,False,False,0,0,1
916,0,False,False,0,0,1
917,0,False,False,0,0,1
918,0,False,False,0,0,1
919,0,False,False,0,0,1
920,0,False,False,0,0,1
921,0,False,False,0,0,1
922,1,True,False,1,1,0
923,1,True,False,1,0,0
924,1,True,False,1,0,0
925,1,True,False,1,0,0
926,1,True,False,1,0,0
927,1,True,False,1,1,0
928,1,True,False,1,0,0
929,1,True,False,1,0,0
930,1,True,False,1,0,0
931,1,True,False,1,0,0
932,1,True,False,1,1,0
933,1,True,False,1,1,0
934,1,True,False,1,0,0
935,1,True,False,1,0,0
936,1,True,False,1,0,0
937,1,True,False,1,0,0
938,1,True,False,1,0,0
939,1,True,False,1,0,0
940,1,True,False,1,0,0
941,1,True,False,1,0,0
942,1,True,False,1,0,0
943,1,True,False,1,0,0
944,1,True,False,1,0,0
945,1,True,False,1,0,0
946,1,True,False,1,0,0
947,1,True,False,1,0,0
948,1,True,False,1,0,0
949,1,True,False,1,0,0
950,1,True,False,1,0,0
951,1,True,False,1,0,0
952,1,True,False,1,0,0
953,1,True,False,1,0,0
954,1,True,False,1,0,0
955,1,True,False,1,0,0
956,1,True,False,1,0,0
957,1,True,False,1,0,0
958,1,True,False,1,0,0
959,1,True,False,1,0,0
960,1,True,False,1,0,0
961,1,True,False,1,0,0
962,1,True,False,1,1,0
963,1,True,False,1,0,0
964,1,True,False,1,0,0
965,1,True,False,1,0,0
966,1,True,False,1,0,0
967,0,False,False,0,1,1
968,0,False,False,0,0,1
969,0,False,False,0,0,1
970,0,False,False,0,0,1
971,0,False,False,0,0,1
972,0,False,False,0,0,1
973,0,False,False,0,0,1
974,0,False,False,0,1,1
975,0,False,False,0,0,1
976,0,False,False,0,1,1
977,0,False,False,0,0,1
978,0,False,False,0,0,1
979,0,False,False,0,1,1
980,0,False,False,0,0,1
981,0,False,False,0,0,1
982,0,False,False,0,0,1
983,0,False,False,0,0,1
984,0,False,False,0,0,1
985,0,False,False,0,0,1
986,0,False,False,0,0,1
987,0,False,False,0,1,1
988,0,False,False,0,0,1
989,0,False,False,0,1,1
990,0,False,False,0,0,1
991,0,False,False,0,0,1
992,0,False,False,0,0,1
993,0,False,False,0,0,1
994,0,False,False,0,0,1
995,0,False,False,0,1,1
996,0,False,False,0,0,1
997,0,False,False,0,0,1
998,0,False,False,0,0,1
999,0,False,False,0,0,1
1000,0,False,False,0,1,1
1001,0,False,False,0,0,1
1002,0,False,False,0,0,1
1003,0,False,False,0,1,1
1004,0,False,False,0,0,1
1005,0,False,False,0,0,1
1006,0,False,False,0,0,1
1007,0,False,False,0,1,1
1008,0,False,False,0,0,1
1009,0,False,False,0,1,1
1010,0,False,False,0,0,1
1011,0,False,False,0,0,1
1012,0,False,False,0,0,1
1013,0,False,False,0,1,1
1014,0,False,False,0,0,1
1015,0,False,False,0,1,1
1016,0,False,False,0,0,1
1017,0,False,False,0,1,1
1018,0,False,False,0,0,1
1019,0,False,False,0,0,1
1020,0,False,False,0,0,1
1021,0,False,False,0,0,1
1022,0,False,False,0,0,1
1023,0,False,False,0,0,1
1024,0,False,False,0,0,1
1025,0,False,False,0,0,1
1026,0,False,False,0,0,1
1027,0,False,False,0,0,1
1028,0,False,False,0,0,1
1029,0,False,False,0,0,1
1030,0,False,False,0,0,1
1031,0,False,False,0,0,1
1032,0,False,False,0,0,1
1033,0,False,False,0,0,1
1034,0,False,False,0,0,1
1035,0,False,False,0,0,1
1036,0,False,False,0,0,1
1037,0,False,False,0,0,1
1038,0,False,False,0,0,1
1039,0,False,False,0,0,1
1040,0,False,False,0,0,1
1041,0,False,False,0,0,1
1042,0,False,False,0,0,1
1043,0,False,False,0,0,1
1044,0,False,False,0,0,1
1045,0,False,False,0,0,1
1046,0,False,False,0,0,1
1047,0,False,False,0,0,1
1048,1,True,False,1,1,0
1049,1,True,False,1,1,0
1050,1,True,False,1,1,0
1051,1,True,False,1,0,0
1052,1,True,False,1,0,0
1053,1,True,False,1,1,0
1054,1,True,False,1,0,0
1055,1,True,False,1,0,0
1056,1,True,False,1,0,0
1057,1,True,False,1,0,0
1058,1,True,False,1,1,0
1059,1,True,False,1,0,0
1060,1,True,False,1,0,0
1061,1,True,False,1,0,0
1062,1,True,False,1,0,0
1063,1,True,False,1,1,0
1064,1,True,False,1,0,0
1065,1,True,False,1,0,0
1066,1,True,False,1,0,0
1067,1,True,False,1,0,0
1068,1,True,False,1,0,0
1069,1,True,False,1,0,0
1070,1,True,False,1,0,0
1071,1,True,False,1,0,0
1072,1,True,False,1,0,0
1073,1,True,False,1,0,0
1074,1,True,False,1,0,0
1075,1,True,False,1,0,0
1076,1,True,False,1,0,0
1077,1,True,False,1,0,0
1078,1,True,False,1,0,0
1079,1,True,False,1,0,0
1080,1,True,False,1,0,0
1081,1,True,False,1,0,0
1082,1,True,False,1,1,0
1083,1,True,False,1,0,0
1084,1,True,False,1,0,0
1085,1,True,False,1,0,0
1086,1,True,False,1,0,0
1087,1,True,False,1,0,0
1088,1,True,False,1,0,0
1089,1,True,False,1,0,0
1090,1,True,False,1,0,0
1091,1,True,False,1,0,0
1092,1,True,False,1,0,0
1093,1,True,False,1,0,0
1094,1,True,False,1,0,0
1095,1,True,False,1,0,0
1096,1,True,False,1,0,0
1097,1,True,False,1,0,0
1098,1,True,False,1,0,0
1099,1,True,False,1,0,0
1100,1,True,False,1,0,0
1101,1,True,False,1,0,0
1102,1,True,False,1,0,0
1103,1,True,False,1,0,0
1104,1,True,False,1,0,0
1105,1,True,False,1,0,0
1106,1,True,False,1,0,0
1107,1,True,False,1,0,0
1108,AI_FireKing2,False,False,0,0,AI_Fireking
1109,AI_FireKing2,False,False,0,1,AI_Fireking
1110,AI_FireKing2,False,False,0,1,AI_Fireking
1111,AI_FireKing2,False,False,0,1,AI_Fireking
1112,AI_FireKing2,False,False,0,1,AI_Fireking
1113,AI_FireKing2,False,False,0,0,AI_Fireking
1114,AI_FireKing2,False,False,0,0,AI_Fireking
1115,AI_FireKing2,False,False,0,0,AI_Fireking
1116,AI_FireKing2,False,False,0,0,AI_Fireking
1117,AI_FireKing2,False,False,0,1,AI_Fireking
1118,AI_FireKing2,False,False,0,0,AI_Fireking
1119,AI_FireKing2,False,False,0,1,AI_Fireking
1120,AI_FireKing2,False,False,0,0,AI_Fireking
1121,AI_FireKing2,False,False,0,0,AI_Fireking
1122,AI_FireKing2,False,False,0,1,AI_Fireking
1123,AI_FireKing2,False,False,0,0,AI_Fireking
1124,AI_FireKing2,False,False,0,0,AI_Fireking
1125,0,False,False,0,0,1
1126,0,False,False,0,0,1
1127,0,False,False,0,1,1
1128,0,False,False,0,1,1
1129,0,False,False,0,0,1
1130,0,False,False,0,0,1
1131,0,False,False,0,0,1
1132,0,False,False,0,0,1
1133,0,False,False,0,0,1
1134,0,False,False,0,0,1
1135,0,False,False,0,0,1
1136,0,False,False,0,0,1
1137,0,False,False,0,0,1
1138,0,False,False,0,0,1
1139,0,False,False,0,0,1
1140,0,False,False,0,1,1
1141,0,False,False,0,0,1
1142,0,False,False,0,0,1
1143,0,False,False,0,0,1
1144,0,False,False,0,1,1
1145,0,False,False,0,0,1
1146,0,False,False,0,0,1
1147,0,False,False,0,0,1
1148,0,False,False,0,0,1
1149,0,False,False,0,0,1
1150,0,False,False,0,0,1
1151,0,False,False,0,0,1
1152,0,False,False,0,0,1
1153,0,False,False,0,0,1
1154,0,False,False,0,0,1
1155,0,False,False,0,0,1
1156,0,False,False,0,0,1
1157,0,False,False,0,0,1
1158,0,False,False,0,0,1
1159,1,True,False,1,1,0
1160,1,True,False,1,1,0
1161,1,True,False,1,1,0
1162,1,True,False,1,0,0
1163,1,True,False,1,0,0
1164,1,True,False,1,0,0
1165,1,True,False,1,0,0
1166,1,True,False,1,0,0
1167,1,True,False,1,1,0
1168,1,True,False,1,1,0
1169,1,True,False,1,1,0
1170,1,True,False,1,1,0
1171,1,True,False,1,0,0
1172,1,True,False,1,0,0
1173,1,True,False,1,1,0
1174,1,True,False,1,1,0
1175,1,True,False,1,0,0
1176,1,True,False,1,1,0
1177,1,True,False,1,0,0
1178,1,True,False,1,1,0
1179,1,True,False,1,1,0
1180,1,True,False,1,0,0
1181,1,True,False,1,1,0
1182,1,True,False,1,0,0
1183,1,True,False,1,1,0
1184,1,True,False,1,0,0
1185,1,True,False,1,1,0
1186,1,True,False,1,1,0
1187,1,True,False,1,0,0
1188,1,True,False,1,1,0
1189,1,True,False,1,1,0
1190,1,True,False,1,0,0
1191,1,True,False,1,1,0
1192,1,True,False,1,1,0
1193,1,True,False,1,0,0
1194,1,True,False,1,1,0
1195,1,True,False,1,1,0
1196,1,True,False,1,1,0
1197,1,True,False,1,1,0
1198,1,True,False,1,0,0
1199,1,True,False,1,1,0
1200,1,True,False,1,0,0
1201,1,True,False,1,1,0
1202,1,True,False,1,0,0
1203,1,True,False,1,1,0
1204,1,True,False,1,0,0
1205,1,True,False,1,0,0
1206,0,False,False,0,0,1
1207,0,False,False,0,0,1
1208,0,False,False,0,1,1
1209,0,False,False,0,0,1
1210,0,False,False,0,0,1
1211,0,False,False,0,0,1
1212,0,False,False,0,0,1
1213,0,False,False,0,0,1
1214,0,False,False,0,0,1
1215,0,False,False,0,0,1
1216,0,False,False,0,0,1
1217,0,False,False,0,0,1
1218,0,False,False,0,0,1
1219,0,False,False,0,0,1
1220,0,False,False,0,0,1
1221,0,False,False,0,0,1
1222,0,False,False,0,0,1
1223,0,False,False,0,0,1
1224,0,False,False,0,0,1
1225,0,False,False,0,0,1
1226,0,False,False,0,0,1
1227,0,False,False,0,1,1
1228,0,False,False,0,1,1
1229,0,False,False,0,0,1
1230,0,False,False,0,0,1
1231,0,False,False,0,0,1
1232,0,False,False,0,0,1
1233,0,False,False,0,0,1
1234,0,False,False,0,0,1
1235,0,False,False,0,0,1
1236,0,False,False,0,0,1
1237,0,False,False,0,0,1
1238,0,False,False,0,0,1
1239,1,True,False,1,0,0
1240,1,True,False,1,0,0
1241,1,True,False,1,1,0
1242,1,True,False,1,0,0
1243,1,True,False,1,1,0
1244,1,True,False,1,0,0
1245,1,True,False,1,1,0
1246,1,True,False,1,0,0
1247,1,True,False,1,0,0
1248,1,True,False,1,0,0
1249,1,True,False,1,0,0
1250,1,True,False,1,0,0
1251,1,True,False,1,0,0
1252,1,True,False,1,0,0
1253,1,True,False,1,1,0
1254,1,True,False,1,1,0
1255,1,True,False,1,0,0
1256,1,True,False,1,0,0
1257,1,True,False,1,1,0
1258,1,True,False,1,0,0
1259,1,True,False,1,0,0
1260,1,True,False,1,0,0
1261,1,True,False,1,0,0
1262,1,True,False,1,0,0
1263,1,True,False,1,0,0
1264,1,True,False,1,1,0
1265,1,True,False,1,1,0
1266,1,True,False,1,1,0
1267,1,True,False,1,1,0
1268,1,True,False,1,1,0
1269,1,True,False,1,0,0
1270,1,True,False,1,0,0
1271,1,True,False,1,0,0
1272,1,True,False,1,0,0
1273,0,False,False,0,0,1
1274,0,False,False,0,0,1
1275,0,False,False,0,0,1
1276,0,False,False,0,0,1
1277,0,False,False,0,0,1
1278,0,False,False,0,0,1
1279,0,False,False,0,0,1
1280,0,False,False,0,0,1
1281,0,False,False,0,0,1
1282,0,False,False,0,1,1
1283,0,False,False,0,1,1
1284,0,False,False,0,1,1
1285,0,False,False,0,0,1
1286,0,False,False,0,0,1
1287,0,False,False,0,0,1
1288,0,False,False,0,0,1
1289,0,False,False,0,0,1
1290,0,False,False,0,0,1
1291,0,False,False,0,0,1
1292,0,False,False,0,0,1
1293,0,False,False,0,0,1
1294,0,False,False,0,0,1
1295,0,False,False,0,0,1
1296,0,False,False,0,0,1
1297,0,False,False,0,0,1
1298,0,False,False,0,0,1
1299,0,False,False,0,0,1
1300,0,False,False,0,0,1
1301,0,False,False,0,0,1
1302,0,False,False,0,0,1
1303,0,False,False,0,0,1
1304,0,False,False,0,0,1
1305,0,False,False,0,0,1
1306,0,False,False,0,0,1
1307,0,False,False,0,0,1
1308,0,False,False,0,0,1
1309,0,False,False,0,1,1
1310,0,False,False,0,1,1
1311,0,False,False,0,0,1
1312,0,False,False,0,0,1
1313,0,False,False,0,0,1
1314,0,False,False,0,0,1
1315,0,False,False,0,0,1
1316,0,False,False,0,0,1
1317,0,False,False,0,0,1
1318,0,False,False,0,0,1
1319,0,False,False,0,0,1
1320,0,False,False,0,0,1
1321,0,False,False,0,0,1
1322,0,False,False,0,0,1
1323,0,False,False,0,0,1
1324,0,False,False,0,0,1
1325,0,False,False,0,0,1
1326,0,False,False,0,0,1
1327,1,True,False,1,1,0
1328,1,True,False,1,0,0
1329,1,True,False,1,1,0
1330,1,True,False,1,0,0
1331,1,True,False,1,0,0
1332,1,True,False,1,0,0
1333,1,True,False,1,0,0
1334,1,True,False,1,0,0
1335,1,True,False,1,1,0
1336,1,True,False,1,1,0
1337,1,True,False,1,0,0
1338,1,True,False,1,0,0
1339,1,True,False,1,0,0
1340,1,True,False,1,1,0
1341,1,True,False,1,1,0
1342,1,True,False,1,0,0
1343,1,True,False,1,0,0
1344,1,True,False,1,1,0
1345,1,True,False,1,1,0
1346,1,True,False,1,0,0
1347,1,True,False,1,1,0
1348,1,True,False,1,0,0
1349,1,True,False,1,1,0
1350,1,True,False,1,1,0
1351,1,True,False,1,0,0
1352,1,True,False,1,0,0
1353,1,True,False,1,0,0
1354,1,True,False,1,1,0
1355,1,True,False,1,0,0
1356,1,True,False,1,1,0
1357,0,False,False,0,0,1
1358,0,False,False,0,1,1
1359,0,False,False,0,1,1
1360,0,False,False,0,0,1
1361,0,False,False,0,0,1
1362,0,False,False,0,0,1
1363,0,False,False,0,0,1
1364,0,False,False,0,0,1
1365,0,False,False,0,0,1
1366,0,False,False,0,0,1
1367,0,False,False,0,0,1
1368,0,False,False,0,0,1
1369,0,False,False,0,0,1
1370,0,False,False,0,1,1
1371,0,False,False,0,1,1
1372,0,False,False,0,0,1
1373,0,False,False,0,0,1
1374,0,False,False,0,0,1
1375,0,False,False,0,0,1
1376,0,False,False,0,0,1
1377,0,False,False,0,0,1
1378,0,False,False,0,1,1
1379,0,False,False,0,1,1
1380,0,False,False,0,1,1
1381,0,False,False,0,1,1
1382,0,False,False,0,0,1
1383,0,False,False,0,0,1
1384,0,False,False,0,1,1
1385,0,False,False,0,1,1
1386,0,False,False,0,0,1
1387,0,False,False,0,0,1
1388,0,False,False,0,0,1
1389,0,False,False,0,0,1
1390,0,False,False,0,1,1
1391,0,False,False,0,0,1
1392,0,False,False,0,1,1
1393,0,False,False,0,1,1
1394,0,False,False,0,0,1
1395,0,False,False,0,0,1
1396,0,False,False,0,1,1
1397,0,False,False,0,0,1
1398,0,False,False,0,0,1
1399,0,False,False,0,0,1
1400,0,False,False,0,0,1
1401,0,False,False,0,0,1
1402,0,False,False,0,0,1
1403,0,False,False,0,0,1
1404,0,False,False,0,0,1
1405,0,False,False,0,1,1
1406,0,False,False,0,0,1
1407,0,False,False,0,0,1
1408,0,False,False,0,0,1
1409,0,False,False,0,0,1
1410,0,False,False,0,0,1
1411,0,False,False,0,0,1
1412,0,False,False,0,0,1
1413,0,False,False,0,0,1
1414,0,False,False,0,0,1
1415,0,False,False,0,0,1
1416,0,False,False,0,1,1
1417,0,False,False,0,0,1
1418,0,False,False,0,0,1
1419,0,False,False,0,0,1
1420,0,False,False,0,0,1
1421,0,False,False,0,0,1
1422,0,False,False,0,0,1
1423,0,False,False,0,0,1
1424,0,False,False,0,0,1
1425,0,False,False,0,0,1
1426,0,False,False,0,0,1
1427,0,False,False,0,0,1
1428,0,False,False,0,0,1
1429,0,False,False,0,0,1
1430,0,False,False,0,0,1
1431,1,True,False,1,0,0
1432,1,True,False,1,1,0
1433,1,True,False,1,1,0
1434,1,True,False,1,0,0
1435,1,True,False,1,1,0
1436,1,True,False,1,1,0
1437,1,True,False,1,1,0
1438,1,True,False,1,1,0
1439,1,True,False,1,1,0
1440,1,True,False,1,0,0
1441,1,True,False,1,1,0
1442,1,True,False,1,0,0
1443,1,True,False,1,1,0
1444,1,True,False,1,0,0
1445,1,True,False,1,1,0
1446,1,True,False,1,1,0
1447,1,True,False,1,1,0
1448,1,True,False,1,0,0
1449,1,True,False,1,0,0
1450,1,True,False,1,1,0
1451,1,True,False,1,0,0
1452,1,True,False,1,1,0
1453,1,True,False,1,1,0
1454,1,True,False,1,0,0
1455,1,True,False,1,0,0
1456,1,True,False,1,0,0
1457,1,True,False,1,0,0
1458,1,True,False,1,0,0
1459,1,True,False,1,1,0
1460,1,True,False,1,0,0
1461,1,True,False,1,0,0
1462,1,True,False,1,0,0
1463,1,True,False,1,1,0
1464,1,True,False,1,0,0
1465,1,True,False,1,0,0
1466,1,True,False,1,0,0
1467,1,True,False,1,1,0
1468,1,True,False,1,0,0
1469,1,True,False,1,1,0
1470,1,True,False,1,0,0
1471,1,True,False,1,1,0
1472,1,True,False,1,0,0
1473,1,True,False,1,0,0
1474,1,True,False,1,0,0
1475,1,True,False,1,0,0
1476,1,True,False,1,0,0
1477,1,True,False,1,1,0
1478,1,True,False,1,0,0
1479,1,True,False,1,0,0
1480,1,True,False,1,0,0
1481,1,True,False,1,0,0
1482,1,True,False,1,0,0
1483,1,True,False,1,0,0
1484,1,True,False,1,0,0
1485,1,True,False,1,1,0
1486,1,True,False,1,0,0
1487,1,True,False,1,0,0
1488,1,True,False,1,1,0
1489,1,True,False,1,0,0
1490,0,False,False,0,0,1
1491,0,False,False,0,1,1
1492,0,False,False,0,0,1
1493,0,False,False,0,0,1
1494,0,False,False,0,1,1
1495,0,False,False,0,1,1
1496,0,False,False,0,0,1
1497,0,False,False,0,0,1
1498,0,False,False,0,0,1
1499,0,False,False,0,0,1
1500,0,False,False,0,0,1
1501,0,False,False,0,0,1
1502,0,False,False,0,0,1
1503,0,False,False,0,0,1
1504,0,False,False,0,0,1
1505,0,False,False,0,0,1
1506,0,False,False,0,0,1
1507,0,False,False,0,1,1
1508,0,False,False,0,1,1
1509,0,False,False,0,0,1
1510,0,False,False,0,1,1
1511,0,False,False,0,0,1
1512,0,False,False,0,0,1
1513,0,False,False,0,1,1
1514,0,False,False,0,1,1
1515,0,False,False,0,1,1
1516,0,False,False,0,0,1
1517,0,False,False,0,0,1
1518,0,False,False,0,0,1
1519,0,False,False,0,0,1
1520,0,False,False,0,1,1
1521,0,False,False,0,1,1
1522,0,False,False,0,1,1
1523,0,False,False,0,0,1
1524,0,False,False,0,1,1
1525,0,False,False,0,0,1
1526,0,False,False,0,0,1
1527,0,False,False,0,0,1
1528,1,True,False,1,1,0
1529,1,True,False,1,0,0
1530,1,True,False,1,0,0
1531,1,True,False,1,1,0
1532,1,True,False,1,1,0
1533,1,True,False,1,1,0
1534,1,True,False,1,1,0
1535,1,True,False,1,0,0
1536,1,True,False,1,0,0
1537,1,True,False,1,1,0
1538,1,True,False,1,1,0
1539,1,True,False,1,0,0
1540,1,True,False,1,1,0
1541,1,True,False,1,1,0
1542,1,True,False,1,1,0
1543,1,True,False,1,1,0
1544,1,True,False,1,1,0
1545,1,True,False,1,1,0
1546,1,True,False,1,1,0
1547,1,True,False,1,0,0
1548,1,True,False,1,1,0
1549,1,True,False,1,0,0
1550,1,True,False,1,1,0
1551,1,True,False,1,1,0
1552,1,True,False,1,1,0
1553,1,True,False,1,1,0
1554,1,True,False,1,1,0
1555,1,True,False,1,1,0
1556,1,True,False,1,1,0
1557,1,True,False,1,0,0
1558,1,True,False,1,1,0
1559,1,True,False,1,0,0
1560,1,True,False,1,1,0
1561,1,True,False,1,1,0
1562,1,True,False,1,0,0
1563,1,True,False,1,1,0
1564,1,True,False,1,0,0
1565,1,True,False,1,1,0
1566,1,True,False,1,1,0
1567,1,True,False,1,0,0
1568,1,True,False,1,1,0
1569,1,True,False,1,0,0
1570,1,True,False,1,1,0
1571,1,True,False,1,1,0
1572,1,True,False,1,0,0
1573,1,True,False,1,1,0
1574,1,True,False,1,1,0
1575,1,True,False,1,1,0
1576,1,True,False,1,1,0
1577,1,True,False,1,1,0
1578,1,True,False,1,1,0
1579,1,True,False,1,1,0
1580,1,True,False,1,0,0
1581,1,True,False,1,1,0
1582,1,True,False,1,1,0
1583,1,True,False,1,1,0
1584,1,True,False,1,0,0
1585,1,True,False,1,0,0
1586,1,True,False,1,1,0
1587,1,True,False,1,1,0
1588,1,True,False,1,0,0
1589,1,True,False,1,1,0
1590,1,True,False,1,1,0
1591,1,True,False,1,0,0
1592,1,True,False,1,1,0
1593,1,True,False,1,0,0
1594,1,True,False,1,1,0
1595,1,True,False,1,1,0
1596,1,True,False,1,1,0
1597,1,True,False,1,1,0
1598,1,True,False,1,0,0
1599,1,True,False,1,1,0
1600,1,True,False,1,0,0
1601,1,True,False,1,1,0
1602,1,True,False,1,1,0
1603,1,True,False,1,1,0
1604,1,True,False,1,1,0
1605,1,True,False,1,0,0
1606,1,True,False,1,1,0
1607,1,True,False,1,1,0
1608,1,True,False,1,0,0
1609,1,True,False,1,1,0
1610,1,True,False,1,1,0
1611,1,True,False,1,1,0
1612,1,True,False,1,0,0
1613,1,True,False,1,1,0
1614,1,True,False,1,1,0
1615,1,True,False,1,1,0
1616,1,True,False,1,1,0
1617,1,True,False,1,1,0
1618,1,True,False,1,0,0
1619,1,True,False,1,1,0
1620,1,True,False,1,1,0
1621,1,True,False,1,1,0
1622,1,True,False,1,0,0
1623,1,True,False,1,1,0
1624,1,True,False,1,1,0
1625,1,True,False,1,1,0
1626,1,True,False,1,1,0
1627,1,True,False,1,1,0
1628,1,True,False,1,0,0
1629,1,True,False,1,1,0
1630,1,True,False,1,0,0
1631,1,True,False,1,1,0
1632,1,True,False,1,1,0
1633,1,True,False,1,0,0
1634,1,True,False,1,1,0
1635,1,True,False,1,1,0
1636,0,False,False,0,1,1
1637,0,False,False,0,1,1
1638,0,False,False,0,0,1
1639,0,False,False,0,0,1
1640,0,False,False,0,0,1
1641,0,False,False,0,0,1
1642,0,False,False,0,0,1
1643,0,False,False,0,0,1
1644,0,False,False,0,1,1
1645,0,False,False,0,0,1
1646,0,False,False,0,0,1
1647,0,False,False,0,0,1
1648,0,False,False,0,0,1
1649,0,False,False,0,0,1
1650,0,False,False,0,0,1
1651,0,False,False,0,0,1
1652,0,False,False,0,1,1
1653,0,False,False,0,0,1
1654,0,False,False,0,0,1
1655,0,False,False,0,0,1
1656,0,False,False,0,0,1
1657,0,False,False,0,0,1
1658,0,False,False,0,1,1
1659,0,False,False,0,0,1
1660,0,False,False,0,0,1
1661,0,False,False,0,0,1
1662,0,False,False,0,0,1
1663,0,False,False,0,1,1
1664,0,False,False,0,0,1
1665,0,False,False,0,0,1
1666,0,False,False,0,0,1
1667,0,False,False,0,0,1
1668,0,False,False,0,1,1
1669,0,False,False,0,0,1
1670,0,False,False,0,1,1
1671,0,False,False,0,0,1
1672,0,False,False,0,1,1
1673,0,False,False,0,1,1
1674,0,False,False,0,0,1
1675,0,False,False,0,0,1
1676,0,False,False,0,0,1
1677,0,False,False,0,0,1
1678,0,False,False,0,1,1
1679,0,False,False,0,1,1
1680,0,False,False,0,0,1
1681,0,False,False,0,0,1
1682,0,False,False,0,1,1
1683,0,False,False,0,0,1
1684,0,False,False,0,0,1
1685,0,False,False,0,0,1
1686,0,False,False,0,1,1
1687,0,False,False,0,1,1
1688,0,False,False,0,0,1
1689,0,False,False,0,0,1
1690,0,False,False,0,0,1
1691,0,False,False,0,0,1
1692,0,False,False,0,0,1
1693,0,False,False,0,0,1
1694,0,False,False,0,0,1
1695,0,False,False,0,0,1
1696,0,False,False,0,1,1
1697,0,False,False,0,1,1
1698,0,False,False,0,1,1
1699,0,False,False,0,1,1
1700,0,False,False,0,1,1
1701,0,False,False,0,1,1
1702,0,False,False,0,0,1
1703,0,False,False,0,0,1
1704,0,False,False,0,0,1
1705,0,False,False,0,0,1
1706,0,False,False,0,0,1
1707,0,False,False,0,0,1
1708,0,False,False,0,0,1
1709,0,False,False,0,1,1
1710,0,False,False,0,0,1
1711,0,False,False,0,0,1
1712,0,False,False,0,0,1
1713,0,False,False,0,0,1
1714,0,False,False,0,0,1
1715,0,False,False,0,0,1
1716,0,False,False,0,0,1
1717,0,False,False,0,0,1
1718,0,False,False,0,0,1
1719,0,False,False,0,0,1
1720,0,False,False,0,0,1
1721,0,False,False,0,0,1
1722,0,False,False,0,0,1
1723,0,False,False,0,0,1
1724,0,False,False,0,0,1
1725,0,False,False,0,0,1
1726,0,False,False,0,0,1
1727,0,False,False,0,0,1
1728,0,False,False,0,0,1
1729,0,False,False,0,0,1
1730,0,False,False,0,0,1
1731,0,False,False,0,0,1
1732,0,False,False,0,0,1
1733,0,False,False,0,1,1
1734,0,False,False,0,0,1
1735,0,False,False,0,0,1
1736,0,False,False,0,0,1
1737,0,False,False,0,0,1
1738,0,False,False,0,0,1
1739,0,False,False,0,0,1
1740,0,False,False,0,0,1
1741,0,False,False,0,0,1
1742,0,False,False,0,0,1
1743,0,False,False,0,0,1
1744,0,False,False,0,0,1
1745,0,False,False,0,0,1
1746,0,False,False,0,0,1
1747,0,False,False,0,0,1
1748,0,False,False,0,0,1
1749,0,False,False,0,0,1
1750,0,False,False,0,0,1
1751,0,False,False,0,0,1
1752,0,False,False,0,0,1
1753,0,False,False,0,0,1
1754,0,False,False,0,0,1
1755,0,False,False,0,0,1
1756,0,False,False,0,0,1
1757,1,True,False,1,1,0
1758,1,True,False,1,0,0
1759,1,True,False,1,1,0
1760,1,True,False,1,1,0
1761,1,True,False,1,1,0
1762,1,True,False,1,1,0
1763,1,True,False,1,0,0
1764,1,True,False,1,1,0
1765,1,True,False,1,0,0
1766,1,True,False,1,0,0
1767,1,True,False,1,1,0
1768,1,True,False,1,0,0
1769,1,True,False,1,0,0
1770,1,True,False,1,0,0
1771,1,True,False,1,0,0
1772,1,True,False,1,0,0
1773,1,True,False,1,0,0
1774,1,True,False,1,0,0
1775,1,True,False,1,0,0
1776,1,True,False,1,0,0
1777,1,True,False,1,0,0
1778,1,True,False,1,0,0
1779,1,True,False,1,0,0
1780,1,True,False,1,0,0
1781,1,True,False,1,0,0
1782,1,True,False,1,1,0
1783,1,True,False,1,0,0
1784,1,True,False,1,0,0
1785,1,True,False,1,0,0
1786,1,True,False,1,0,0
1787,1,True,False,1,1,0
1788,1,True,False,1,0,0
1789,1,True,False,1,0,0
1790,1,True,False,1,1,0
1791,1,True,False,1,0,0
1792,1,True,False,1,0,0
1793,1,True,False,1,0,0
1794,1,True,False,1,0,0
1795,1,True,False,1,1,0
1796,1,True,False,1,0,0
1797,1,True,False,1,1,0
1798,1,True,False,1,0,0
1799,1,True,False,1,0,0
1800,1,True,False,1,0,0
1801,1,True,False,1,0,0
1802,1,True,False,1,0,0
1803,1,True,False,1,0,0
1804,1,True,False,1,0,0
1805,1,True,False,1,0,0
1806,1,True,False,1,0,0
1807,1,True,False,1,0,0
1808,1,True,False,1,0,0
1809,1,True,False,1,0,0
1810,1,True,False,1,0,0
1811,1,True,False,1,0,0
1812,1,True,False,1,0,0
1813,1,True,False,1,1,0
1814,1,True,False,1,1,0
1815,1,True,False,1,0,0
1816,1,True,False,1,0,0
1817,1,True,False,1,1,0
1818,1,True,False,1,0,0
1819,1,True,False,1,0,0
1820,1,True,False,1,1,0
1821,1,True,False,1,1,0
1822,1,True,False,1,1,0
1823,1,True,False,1,1,0
1824,1,True,False,1,0,0
1825,1,True,False,1,0,0
1826,1,True,False,1,0,0
1827,1,True,False,1,0,0
1828,1,True,False,1,1,0
1829,1,True,False,1,0,0
1830,1,True,False,1,0,0
1831,1,True,False,1,0,0
1832,1,True,False,1,0,0
1833,1,True,False,1,0,0
1834,1,True,False,1,0,0
1835,1,True,False,1,0,0
1836,1,True,False,1,0,0
1837,1,True,False,1,0,0
1838,1,True,False,1,1,0
1839,1,True,False,1,1,0
1840,1,True,False,1,1,0
1841,1,True,False,1,0,0
1842,1,True,False,1,0,0
1843,1,True,False,1,1,0
1844,1,True,False,1,0,0
1845,1,True,False,1,1,0
1846,1,True,False,1,0,0
1847,1,True,False,1,0,0
1848,1,True,False,1,0,0
1849,1,True,False,1,0,0
1850,1,True,False,1,0,0
1851,0,False,False,0,0,1
1852,0,False,False,0,1,1
1853,0,False,False,0,0,1
1854,0,False,False,0,0,1
1855,0,False,False,0,1,1
1856,0,False,False,0,0,1
1857,0,False,False,0,0,1
1858,0,False,False,0,0,1
1859,0,False,False,0,0,1
1860,0,False,False,0,1,1
1861,0,False,False,0,1,1
1862,0,False,False,0,1,1
1863,0,False,False,0,0,1
1864,0,False,False,0,0,1
1865,0,False,False,0,1,1
1866,0,False,False,0,0,1
1867,0,False,False,0,0,1
1868,0,False,False,0,0,1
1869,0,False,False,0,1,1
1870,0,False,False,0,0,1
1871,0,False,False,0,1,1
1872,0,False,False,0,1,1
1873,0,False,False,0,0,1
1874,0,False,False,0,0,1
1875,0,False,False,0,0,1
1876,0,False,False,0,0,1
1877,0,False,False,0,1,1
1878,0,False,False,0,0,1
1879,0,False,False,0,0,1
1880,0,False,False,0,0,1
1881,0,False,False,0,0,1
1882,0,False,False,0,1,1
1883,0,False,False,0,1,1
1884,0,False,False,0,0,1
1885,0,False,False,0,0,1
1886,0,False,False,0,0,1
1887,0,False,False,0,0,1
1888,0,False,False,0,0,1
1889,0,False,False,0,1,1
1890,0,False,False,0,0,1
1891,0,False,False,0,0,1
1892,0,False,False,0,0,1
1893,0,False,False,0,0,1
1894,0,False,False,0,0,1
1895,0,False,False,0,0,1
1896,0,False,False,0,0,1
1897,0,False,False,0,0,1
1898,0,False,False,0,0,1
1899,0,False,False,0,0,1
1900,0,False,False,0,0,1
1901,0,False,False,0,1,1
1902,0,False,False,0,1,1
1903,0,False,False,0,0,1
1904,0,False,False,0,1,1
1905,0,False,False,0,0,1
1906,0,False,False,0,0,1
1907,0,False,False,0,0,1
1908,0,False,False,0,0,1
1909,0,False,False,0,0,1
1910,0,False,False,0,0,1
1911,0,False,False,0,1,1
1912,0,False,False,0,0,1
1913,0,False,False,0,0,1
1914,0,False,False,0,0,1
1915,0,False,False,0,0,1
1916,0,False,False,0,0,1
1917,0,False,False,0,0,1
1918,0,False,False,0,1,1
1919,0,False,False,0,0,1
1920,0,False,False,0,0,1
1921,0,False,False,0,0,1
1922,0,False,False,0,0,1
1923,0,False,False,0,1,1
1924,0,False,False,0,0,1
1925,0,False,False,0,0,1
1926,0,False,False,0,1,1
1927,0,False,False,0,1,1
1928,0,False,False,0,0,1
1929,0,False,False,0,0,1
1930,0,False,False,0,0,1
1931,0,False,False,0,0,1
1932,0,False,False,0,1,1
1933,0,False,False,0,0,1
1934,0,False,False,0,1,1
1935,0,False,False,0,0,1
1936,0,False,False,0,0,1
1937,0,False,False,0,0,1
1938,0,False,False,0,1,1
1939,0,False,False,0,0,1
1940,0,False,False,0,0,1
1941,0,False,False,0,1,1
1942,0,False,False,0,1,1
1943,0,False,False,0,0,1
1944,0,False,False,0,1,1
1945,0,False,False,0,0,1
1946,0,False,False,0,0,1
1947,0,False,False,0,0,1
1948,0,False,False,0,1,1
1949,0,False,False,0,0,1
1950,0,False,False,0,0,1
1951,0,False,False,0,1,1
1952,0,False,False,0,0,1
1953,0,False,False,0,0,1
1954,0,False,False,0,0,1
1955,0,False,False,0,0,1
1956,0,False,False,0,0,1
1957,0,False,False,0,0,1
1958,0,False,False,0,1,1
1959,0,False,False,0,0,1
1960,0,False,False,0,0,1
1961,0,False,False,0,0,1
1962,0,False,False,0,1,1
1963,0,False,False,0,1,1
1964,0,False,False,0,0,1
1965,0,False,False,0,1,1
1966,0,False,False,0,0,1
1967,0,False,False,0,0,1
1968,0,False,False,0,0,1
1969,0,False,False,0,0,1
1970,0,False,False,0,1,1
1971,0,False,False,0,1,1
1972,0,False,False,0,0,1
1973,0,False,False,0,0,1
1974,0,False,False,0,0,1
1975,0,False,False,0,0,1
1976,0,False,False,0,0,1
1977,0,False,False,0,0,1
1978,0,False,False,0,0,1
1979,0,False,False,0,1,1
1980,0,False,False,0,1,1
1981,0,False,False,0,0,1
1982,0,False,False,0,1,1
1983,0,False,False,0,0,1
1984,0,False,False,0,0,1
1985,0,False,False,0,0,1
1986,0,False,False,0,1,1
1987,0,False,False,0,0,1
1988,0,False,False,0,0,1
1989,0,False,False,0,1,1
1990,0,False,False,0,1,1
1991,0,False,False,0,1,1
1992,0,False,False,0,0,1
1993,0,False,False,0,0,1
1994,0,False,False,0,0,1
1995,0,False,False,0,0,1
1996,0,False,False,0,0,1
1997,0,False,False,0,0,1
1998,0,False,False,0,1,1
1999,0,False,False,0,0,1
2000,0,False,False,0,1,1
2001,0,False,False,0,0,1
2002,0,False,False,0,1,1
2003,0,False,False,0,0,1
2004,0,False,False,0,0,1
2005,0,False,False,0,0,1
2006,0,False,False,0,0,1
2007,0,False,False,0,0,1
2008,0,False,False,0,0,1
2009,0,False,False,0,1,1
2010,0,False,False,0,0,1
2011,0,False,False,0,0,1
2012,0,False,False,0,0,1
2013,1,True,False,1,1,0
2014,1,True,False,1,0,0
2015,1,True,False,1,0,0
2016,1,True,False,1,0,0
2017,1,True,False,1,0,0
2018,1,True,False,1,0,0
2019,1,True,False,1,0,0
2020,1,True,False,1,0,0
2021,1,True,False,1,0,0
2022,1,True,False,1,1,0
2023,1,True,False,1,0,0
2024,1,True,False,1,0,0
2025,1,True,False,1,0,0
2026,1,True,False,1,0,0
2027,1,True,False,1,0,0
2028,1,True,False,1,0,0
2029,1,True,False,1,0,0
2030,1,True,False,1,0,0
2031,1,True,False,1,0,0
2032,1,True,False,1,0,0
2033,1,True,False,1,0,0
2034,1,True,False,1,0,0
2035,1,True,False,1,0,0
2036,1,True,False,1,0,0
2037,1,True,False,1,0,0
2038,1,True,False,1,0,0
2039,1,True,False,1,0,0
2040,1,True,False,1,0,0
2041,1,True,False,1,0,0
2042,1,True,False,1,0,0
2043,1,True,False,1,0,0
2044,1,True,False,1,0,0
2045,1,True,False,1,0,0
2046,1,True,False,1,0,0
2047,1,True,False,1,0,0
2048,1,True,False,1,0,0
2049,1,True,False,1,0,0
2050,1,True,False,1,0,0
2051,1,True,False,1,0,0
2052,1,True,False,1,0,0
2053,1,True,False,1,0,0
2054,1,True,False,1,0,0
2055,1,True,False,1,0,0
2056,1,True,False,1,0,0
2057,1,True,False,1,0,0
2058,1,True,False,1,0,0
2059,1,True,False,1,0,0
2060,1,True,False,1,0,0
2061,1,True,False,1,0,0
2062,1,True,False,1,0,0
2063,1,True,False,1,0,0
2064,1,True,False,1,0,0
2065,1,True,False,1,0,0
2066,1,True,False,1,0,0
2067,1,True,False,1,0,0
2068,1,True,False,1,0,0
2069,1,True,False,1,0,0
2070,1,True,False,1,0,0
2071,1,True,False,1,0,0
2072,1,True,False,1,0,0
2073,1,True,False,1,0,0
2074,1,True,False,1,0,0
2075,1,True,False,1,0,0
2076,1,True,False,1,0,0
2077,1,True,False,1,0,0
2078,1,True,False,1,0,0
2079,1,True,False,1,0,0
2080,1,True,False,1,0,0
2081,1,True,False,1,0,0
2082,1,True,False,1,0,0
2083,1,True,False,1,0,0
2084,1,True,False,1,0,0
2085,1,True,False,1,0,0
2086,1,True,False,1,0,0
2087,1,True,False,1,0,0
2088,1,True,False,1,0,0
2089,1,True,False,1,0,0
2090,1,True,False,1,0,0
2091,1,True,False,1,0,0
2092,1,True,False,1,0,0
2093,1,True,False,1,0,0
2094,1,True,False,1,0,0
2095,1,True,False,1,0,0
2096,1,True,False,1,0,0
2097,1,True,False,1,0,0
2098,1,True,False,1,0,0
2099,1,True,False,1,0,0
2100,1,True,False,1,0,0
2101,1,True,False,1,0,0
2102,1,True,False,1,0,0
2103,1,True,False,1,0,0
2104,1,True,False,1,0,0
2105,1,True,False,1,0,0
2106,1,True,False,1,0,0
2107,1,True,False,1,0,0
2108,1,True,False,1,0,0
2109,1,True,False,1,0,0
2110,1,True,False,1,0,0
2111,1,True,False,1,0,0
2112,1,True,False,1,0,0
2113,1,True,False,1,0,0
2114,1,True,False,1,0,0
2115,1,True,False,1,0,0
2116,1,True,False,1,0,0
2117,1,True,False,1,0,0
2118,1,True,False,1,0,0
2119,1,True,False,1,0,0
2120,1,True,False,1,0,0
2121,1,True,False,1,0,0
2122,1,True,False,1,0,0
2123,1,True,False,1,0,0
2124,1,True,False,1,0,0
2125,1,True,False,1,0,0
2126,1,True,False,1,0,0
2127,1,True,False,1,0,0
2128,1,True,False,1,0,0
2129,1,True,False,1,0,0
2130,1,True,False,1,0,0
2131,1,True,False,1,0,0
2132,1,True,False,1,0,0
2133,1,True,False,1,0,0
2134,1,True,False,1,0,0
2135,1,True,False,1,0,0
2136,1,True,False,1,0,0
2137,1,True,False,1,0,0
2138,1,True,False,1,0,0
2139,1,True,False,1,0,0
2140,1,True,False,1,0,0
2141,1,True,False,1,0,0
2142,1,True,False,1,0,0
2143,1,True,False,1,0,0
2144,1,True,False,1,0,0
2145,1,True,False,1,0,0
2146,1,True,False,1,0,0
2147,1,True,False,1,0,0
2148,1,True,False,1,0,0
2149,1,True,False,1,0,0
2150,1,True,False,1,0,0
2151,1,True,False,1,0,0
2152,1,True,False,1,0,0
2153,1,True,False,1,0,0
2154,1,True,False,1,0,0
2155,1,True,False,1,0,0
2156,1,True,False,1,0,0
2157,1,True,False,1,0,0
2158,1,True,False,1,0,0
2159,1,True,False,1,0,0
2160,1,True,False,1,0,0
2161,1,True,False,1,0,0
2162,1,True,False,1,0,0
2163,1,True,False,1,0,0
2164,1,True,False,1,0,0
2165,1,True,False,1,0,0
2166,1,True,False,1,0,0
2167,1,True,False,1,0,0
2168,1,True,False,1,0,0
2169,1,True,False,1,0,0
2170,1,True,False,1,0,0
2171,1,True,False,1,0,0
2172,1,True,False,1,0,0
2173,1,True,False,1,0,0
2174,1,True,False,1,0,0
2175,1,True,False,1,0,0
2176,1,True,False,1,0,0
2177,1,True,False,1,0,0
2178,1,True,False,1,0,0
2179,1,True,False,1,0,0
2180,1,True,False,1,0,0
2181,1,True,False,1,0,0
2182,1,True,False,1,0,0
2183,1,True,False,1,0,0
2184,1,True,False,1,0,0
2185,1,True,False,1,0,0
2186,1,True,False,1,0,0
2187,1,True,False,1,0,0
2188,1,True,False,1,0,0
2189,1,True,False,1,0,0
2190,1,True,False,1,0,0
2191,1,True,False,1,0,0
2192,1,True,False,1,0,0
2193,1,True,False,1,0,0
2194,1,True,False,1,0,0
2195,1,True,False,1,0,0
2196,1,True,False,1,0,0
2197,1,True,False,1,0,0
2198,1,True,False,1,0,0
2199,1,True,False,1,0,0
2200,1,True,False,1,0,0
2201,1,True,False,1,0,0
2202,1,True,False,1,0,0
2203,1,True,False,1,0,0
2204,1,True,False,1,0,0
2205,1,True,False,1,0,0
2206,1,True,False,1,0,0
2207,1,True,False,1,0,0
2208,1,True,False,1,0,0
2209,1,True,False,1,0,0
2210,1,True,False,1,0,0
2211,1,True,False,1,0,0
2212,1,True,False,1,0,0
2213,1,True,False,1,0,0
2214,1,True,False,1,0,0
2215,1,True,False,1,0,0
2216,1,True,False,1,0,0
2217,1,True,False,1,0,0
2218,1,True,False,1,0,0
2219,1,True,False,1,0,0
2220,1,True,False,1,0,0
2221,1,True,False,1,0,0
2222,1,True,False,1,0,0
2223,1,True,False,1,0,0
2224,1,True,False,1,0,0
2225,1,True,False,1,0,0
2226,1,True,False,1,0,0
2227,1,True,False,1,0,0
2228,1,True,False,1,0,0
2229,1,True,False,1,0,0
2230,1,True,False,1,0,0
2231,1,True,False,1,0,0
2232,1,True,False,1,0,0
2233,1,True,False,1,0,0
2234,1,True,False,1,0,0
2235,1,True,False,1,0,0
2236,1,True,False,1,0,0
2237,1,True,False,1,0,0
2238,1,True,False,1,0,0
2239,1,True,False,1,0,0
2240,1,True,False,1,0,0
2241,1,True,False,1,0,0
2242,1,True,False,1,0,0
2243,1,True,False,1,0,0
2244,1,True,False,1,0,0
2245,1,True,False,1,0,0
2246,1,True,False,1,0,0
2247,1,True,False,1,0,0
2248,1,True,False,1,0,0
2249,1,True,False,1,0,0
2250,1,True,False,1,0,0
2251,1,True,False,1,0,0
2252,1,True,False,1,0,0
2253,1,True,False,1,0,0
2254,1,True,False,1,0,0
2255,1,True,False,1,0,0
2256,1,True,False,1,0,0
2257,1,True,False,1,0,0
2258,1,True,False,1,0,0
2259,1,True,False,1,0,0
2260,1,True,False,1,0,0
2261,1,True,False,1,0,0
2262,1,True,False,1,0,0
2263,1,True,False,1,0,0
2264,1,True,False,1,0,0
2265,1,True,False,1,0,0
2266,1,True,False,1,0,0
2267,1,True,False,1,0,0
2268,1,True,False,1,0,0
2269,1,True,False,1,0,0
2270,1,True,False,1,0,0
2271,1,True,False,1,0,0
2272,1,True,False,1,0,0
2273,1,True,False,1,0,0
2274,1,True,False,1,0,0
2275,1,True,False,1,0,0
2276,1,True,False,1,0,0
2277,1,True,False,1,0,0
2278,1,True,False,1,0,0
2279,1,True,False,1,0,0
2280,1,True,False,1,0,0
2281,1,True,False,1,0,0
2282,1,True,False,1,0,0
2283,1,True,False,1,0,0
2284,1,True,False,1,0,0
2285,1,True,False,1,0,0
2286,1,True,False,1,0,0
2287,1,True,False,1,0,0
2288,1,True,False,1,0,0
2289,1,True,False,1,0,0
2290,1,True,False,1,0,0
2291,1,True,False,1,0,0
2292,1,True,False,1,0,0
2293,1,True,False,1,0,0
2294,1,True,False,1,0,0
2295,1,True,False,1,0,0
2296,1,True,False,1,0,0
2297,1,True,False,1,0,0
2298,1,True,False,1,0,0
2299,1,True,False,1,0,0
2300,1,True,False,1,0,0
2301,1,True,False,1,0,0
2302,1,True,False,1,0,0
2303,1,True,False,1,0,0
2304,1,True,False,1,0,0
2305,1,True,False,1,0,0
2306,1,True,False,1,0,0
2307,1,True,False,1,0,0
2308,1,True,False,1,0,0
2309,1,True,False,1,0,0
2310,1,True,False,1,0,0
2311,1,True,False,1,0,0
2312,1,True,False,1,0,0
2313,1,True,False,1,0,0
2314,1,True,False,1,0,0
2315,1,True,False,1,0,0
2316,1,True,False,1,0,0
2317,1,True,False,1,0,0
2318,1,True,False,1,0,0
2319,1,True,False,1,0,0
2320,1,True,False,1,0,0
2321,1,True,False,1,0,0
2322,1,True,False,1,0,0
2323,1,True,False,1,0,0
2324,1,True,False,1,0,0
2325,1,True,False,1,0,0
2326,1,True,False,1,0,0
2327,1,True,False,1,0,0
2328,1,True,False,1,0,0
2329,1,True,False,1,0,0
2330,1,True,False,1,0,0
2331,1,True,False,1,0,0
2332,1,True,False,1,0,0
2333,1,True,False,1,0,0
2334,1,True,False,1,0,0
2335,1,True,False,1,0,0
2336,1,True,False,1,0,0
2337,1,True,False,1,0,0
2338,1,True,False,1,0,0
2339,1,True,False,1,0,0
2340,1,True,False,1,0,0
2341,1,True,False,1,0,0
2342,1,True,False,1,0,0
2343,1,True,False,1,0,0
2344,1,True,False,1,0,0
2345,1,True,False,1,0,0
2346,1,True,False,1,0,0
2347,1,True,False,1,0,0
2348,1,True,False,1,0,0
2349,1,True,False,1,0,0
2350,1,True,False,1,0,0
2351,1,True,False,1,0,0
2352,1,True,False,1,0,0
2353,1,True,False,1,0,0
2354,1,True,False,1,0,0
2355,1,True,False,1,0,0
2356,1,True,False,1,0,0
2357,1,True,False,1,0,0
2358,1,True,False,1,0,0
2359,1,True,False,1,0,0
2360,1,True,False,1,0,0
2361,1,True,False,1,0,0
2362,1,True,False,1,0,0
2363,1,True,False,1,0,0
2364,1,True,False,1,0,0
2365,1,True,False,1,0,0
2366,1,True,False,1,0,0
2367,1,True,False,1,0,0
2368,1,True,False,1,0,0
2369,1,True,False,1,0,0
2370,1,True,False,1,0,0
2371,1,True,False,1,0,0
2372,1,True,False,1,0,0
2373,1,True,False,1,0,0
2374,1,True,False,1,0,0
2375,1,True,False,1,0,0
2376,1,True,False,1,0,0
2377,1,True,False,1,0,0
2378,1,True,False,1,0,0
2379,1,True,False,1,0,0
2380,1,True,False,1,0,0
2381,1,True,False,1,0,0
2382,1,True,False,1,0,0
2383,1,True,False,1,0,0
2384,1,True,False,1,0,0
2385,1,True,False,1,0,0
2386,1,True,False,1,0,0
2387,1,True,False,1,0,0
2388,1,True,False,1,0,0
2389,1,True,False,1,0,0
2390,1,True,False,1,0,0
2391,1,True,False,1,0,0
2392,1,True,False,1,0,0
2393,1,True,False,1,0,0
2394,1,True,False,1,0,0
2395,1,True,False,1,0,0
2396,1,True,False,1,0,0
2397,1,True,False,1,0,0
2398,1,True,False,1,0,0
2399,1,True,False,1,0,0
2400,1,True,False,1,0,0
2401,1,True,False,1,0,0
2402,1,True,False,1,0,0
2403,1,True,False,1,0,0
2404,1,True,False,1,0,0
2405,1,True,False,1,0,0
2406,1,True,False,1,0,0
2407,1,True,False,1,0,0
2408,1,True,False,1,0,0
2409,1,True,False,1,0,0
2410,1,True,False,1,0,0
2411,1,True,False,1,0,0
2412,1,True,False,1,0,0
2413,1,True,False,1,0,0
2414,1,True,False,1,0,0
2415,1,True,False,1,0,0
2416,1,True,False,1,0,0
2417,1,True,False,1,0,0
2418,1,True,False,1,0,0
2419,1,True,False,1,0,0
2420,1,True,False,1,0,0
2421,1,True,False,1,0,0
2422,1,True,False,1,0,0
2423,1,True,False,1,0,0
2424,1,True,False,1,0,0
2425,1,True,False,1,0,0
2426,1,True,False,1,0,0
2427,1,True,False,1,0,0
2428,1,True,False,1,0,0
2429,1,True,False,1,0,0
2430,1,True,False,1,0,0
2431,1,True,False,1,0,0
2432,1,True,False,1,0,0
2433,1,True,False,1,0,0
2434,1,True,False,1,0,0
2435,1,True,False,1,0,0
2436,1,True,False,1,0,0
2437,1,True,False,1,0,0
2438,1,True,False,1,0,0
2439,1,True,False,1,0,0
2440,1,True,False,1,0,0
2441,1,True,False,1,0,0
2442,1,True,False,1,0,0
2443,1,True,False,1,0,0
2444,1,True,False,1,0,0
2445,1,True,False,1,0,0
2446,1,True,False,1,0,0
2447,1,True,False,1,0,0
2448,1,True,False,1,0,0
2449,1,True,False,1,0,0
2450,1,True,False,1,0,0
2451,1,True,False,1,0,0
2452,1,True,False,1,0,0
2453,1,True,False,1,0,0
2454,1,True,False,1,0,0
2455,1,True,False,1,0,0
2456,1,True,False,1,0,0
2457,1,True,False,1,0,0
2458,1,True,False,1,0,0
2459,1,True,False,1,0,0
2460,1,True,False,1,0,0
2461,1,True,False,1,0,0
2462,1,True,False,1,0,0
2463,1,True,False,1,0,0
2464,1,True,False,1,0,0
2465,1,True,False,1,0,0
2466,1,True,False,1,0,0
2467,1,True,False,1,0,0
2468,1,True,False,1,0,0
2469,1,True,False,1,0,0
2470,1,True,False,1,0,0
2471,1,True,False,1,0,0
2472,1,True,False,1,0,0
2473,1,True,False,1,0,0
2474,1,True,False,1,0,0
2475,1,True,False,1,0,0
2476,1,True,False,1,0,0
2477,1,True,False,1,0,0
2478,1,True,False,1,0,0
2479,1,True,False,1,0,0
2480,1,True,False,1,0,0
2481,1,True,False,1,0,0
2482,1,True,False,1,0,0
2483,1,True,False,1,0,0
2484,1,True,False,1,0,0
2485,1,True,False,1,0,0
2486,1,True,False,1,0,0
2487,1,True,False,1,0,0
2488,1,True,False,1,0,0
2489,1,True,False,1,0,0
2490,1,True,False,1,0,0
2491,1,True,False,1,0,0
2492,1,True,False,1,0,0
2493,1,True,False,1,0,0
2494,1,True,False,1,0,0
2495,1,True,False,1,0,0
2496,1,True,False,1,0,0
2497,1,True,False,1,0,0
2498,1,True,False,1,0,0
2499,1,True,False,1,0,0
2500,1,True,False,1,0,0
2501,1,True,False,1,0,0
2502,1,True,False,1,0,0
2503,1,True,False,1,0,0
2504,1,True,False,1,0,0
2505,1,True,False,1,0,0
2506,1,True,False,1,0,0
2507,1,True,False,1,0,0
2508,1,True,False,1,0,0
2509,1,True,False,1,0,0
2510,1,True,False,1,0,0
2511,1,True,False,1,0,0
2512,1,True,False,1,0,0
2513,1,True,False,1,0,0
2514,1,True,False,1,0,0
2515,1,True,False,1,0,0
2516,1,True,False,1,0,0
2517,1,True,False,1,0,0
2518,1,True,False,1,0,0
2519,1,True,False,1,0,0
2520,1,True,False,1,0,0
2521,1,True,False,1,0,0
2522,1,True,False,1,0,0
2523,1,True,False,1,0,0
2524,1,True,False,1,0,0
2525,1,True,False,1,0,0
2526,1,True,False,1,0,0
2527,1,True,False,1,0,0
2528,1,True,False,1,0,0
2529,1,True,False,1,0,0
2530,1,True,False,1,0,0
2531,1,True,False,1,0,0
2532,1,True,False,1,0,0
2533,1,True,False,1,0,0
2534,1,True,False,1,0,0
2535,1,True,False,1,0,0
2536,1,True,False,1,0,0
2537,1,True,False,1,0,0
2538,1,True,False,1,0,0
2539,1,True,False,1,0,0
2540,1,True,False,1,0,0
2541,1,True,False,1,0,0
2542,1,True,False,1,0,0
2543,1,True,False,1,0,0
2544,1,True,False,1,0,0
2545,1,True,False,1,0,0
2546,1,True,False,1,0,0
2547,1,True,False,1,0,0
2548,1,True,False,1,0,0
2549,1,True,False,1,0,0
2550,1,True,False,1,0,0
2551,1,True,False,1,0,0
2552,1,True,False,1,0,0
2553,1,True,False,1,0,0
2554,1,True,False,1,0,0
2555,1,True,False,1,0,0
2556,1,True,False,1,0,0
2557,1,True,False,1,0,0
2558,1,True,False,1,0,0
2559,1,True,False,1,0,0
2560,1,True,False,1,0,0
2561,1,True,False,1,0,0
2562,1,True,False,1,0,0
2563,1,True,False,1,0,0
2564,1,True,False,1,0,0
2565,1,True,False,1,0,0
2566,1,True,False,1,0,0
2567,1,True,False,1,0,0
2568,1,True,False,1,0,0
2569,1,True,False,1,0,0
2570,1,True,False,1,0,0
2571,1,True,False,1,0,0
2572,1,True,False,1,0,0
2573,1,True,False,1,0,0
2574,1,True,False,1,0,0
2575,1,True,False,1,0,0
2576,1,True,False,1,0,0
2577,1,True,False,1,0,0
2578,1,True,False,1,0,0
2579,1,True,False,1,0,0
2580,1,True,False,1,0,0
2581,1,True,False,1,0,0
2582,1,True,False,1,0,0
2583,1,True,False,1,0,0
2584,1,True,False,1,0,0
2585,1,True,False,1,0,0
2586,1,True,False,1,0,0
2587,1,True,False,1,0,0
2588,1,True,False,1,0,0
2589,1,True,False,1,0,0
2590,1,True,False,1,0,0
2591,1,True,False,1,0,0
2592,1,True,False,1,0,0
2593,1,True,False,1,0,0
2594,1,True,False,1,0,0
2595,1,True,False,1,0,0
2596,1,True,False,1,0,0
2597,1,True,False,1,0,0
2598,1,True,False,1,0,0
2599,1,True,False,1,0,0
2600,1,True,False,1,0,0
2601,1,True,False,1,0,0
2602,1,True,False,1,0,0
2603,1,True,False,1,0,0
2604,1,True,False,1,0,0
2605,1,True,False,1,0,0
2606,1,True,False,1,0,0
2607,1,True,False,1,0,0
2608,1,True,False,1,0,0
2609,1,True,False,1,0,0
2610,1,True,False,1,0,0
2611,1,True,False,1,0,0
2612,1,True,False,1,0,0
2613,1,True,False,1,0,0
2614,1,True,False,1,0,0
2615,1,True,False,1,0,0
2616,1,True,False,1,0,0
2617,1,True,False,1,0,0
2618,1,True,False,1,0,0
2619,1,True,False,1,0,0
2620,1,True,False,1,0,0
2621,1,True,False,1,0,0
2622,1,True,False,1,0,0
2623,1,True,False,1,0,0
2624,1,True,False,1,0,0
2625,1,True,False,1,0,0
2626,1,True,False,1,0,0
2627,1,True,False,1,0,0
2628,1,True,False,1,0,0
2629,1,True,False,1,0,0
2630,1,True,False,1,0,0
2631,1,True,False,1,0,0
2632,1,True,False,1,0,0
2633,1,True,False,1,0,0
2634,1,True,False,1,0,0
2635,1,True,False,1,0,0
2636,1,True,False,1,0,0
2637,1,True,False,1,0,0
2638,1,True,False,1,0,0
2639,1,True,False,1,0,0
2640,1,True,False,1,0,0
2641,1,True,False,1,0,0
2642,1,True,False,1,0,0
2643,1,True,False,1,0,0
2644,1,True,False,1,0,0
2645,1,True,False,1,0,0
2646,1,True,False,1,0,0
2647,1,True,False,1,0,0
2648,1,True,False,1,0,0
2649,1,True,False,1,0,0
2650,1,True,False,1,0,0
2651,1,True,False,1,0,0
2652,1,True,False,1,0,0
2653,1,True,False,1,0,0
2654,1,True,False,1,0,0
2655,1,True,False,1,0,0
2656,1,True,False,1,0,0
2657,1,True,False,1,0,0
2658,1,True,False,1,0,0
2659,1,True,False,1,0,0
2660,1,True,False,1,0,0
2661,1,True,False,1,0,0
2662,1,True,False,1,0,0
2663,1,True,False,1,0,0
2664,1,True,False,1,0,0
2665,1,True,False,1,0,0
2666,1,True,False,1,0,0
2667,1,True,False,1,0,0
2668,1,True,False,1,0,0
2669,1,True,False,1,0,0
2670,1,True,False,1,0,0
2671,1,True,False,1,0,0
2672,1,True,False,1,0,0
2673,1,True,False,1,0,0
2674,1,True,False,1,0,0
2675,1,True,False,1,0,0
2676,1,True,False,1,0,0
2677,1,True,False,1,0,0
2678,1,True,False,1,0,0
2679,1,True,False,1,0,0
2680,1,True,False,1,0,0
2681,1,True,False,1,0,0
2682,1,True,False,1,0,0
2683,1,True,False,1,0,0
2684,1,True,False,1,0,0
2685,1,True,False,1,0,0
2686,1,True,False,1,0,0
2687,1,True,False,1,0,0
2688,1,True,False,1,0,0
2689,1,True,False,1,0,0
2690,1,True,False,1,0,0
2691,1,True,False,1,0,0
2692,1,True,False,1,0,0
2693,1,True,False,1,0,0
2694,1,True,False,1,0,0
2695,1,True,False,1,0,0
2696,1,True,False,1,0,0
2697,1,True,False,1,0,0
2698,1,True,False,1,0,0
2699,1,True,False,1,0,0
2700,1,True,False,1,0,0
2701,1,True,False,1,0,0
2702,1,True,False,1,0,0
2703,1,True,False,1,0,0
2704,1,True,False,1,0,0
2705,1,True,False,1,0,0
2706,1,True,False,1,0,0
2707,1,True,False,1,0,0
2708,1,True,False,1,0,0
2709,1,True,False,1,0,0
2710,1,True,False,1,0,0
2711,1,True,False,1,0,0
2712,1,True,False,1,0,0
2713,1,True,False,1,0,0
2714,1,True,False,1,0,0
2715,1,True,False,1,0,0
2716,1,True,False,1,0,0
2717,1,True,False,1,0,0
2718,1,True,False,1,0,0
2719,1,True,False,1,0,0
2720,1,True,False,1,0,0
2721,1,True,False,1,0,0
2722,1,True,False,1,0,0
2723,1,True,False,1,0,0
2724,1,True,False,1,0,0
2725,1,True,False,1,0,0
2726,1,True,False,1,0,0
2727,1,True,False,1,0,0
2728,1,True,False,1,0,0
2729,1,True,False,1,0,0
2730,1,True,False,1,0,0
2731,1,True,False,1,0,0
2732,1,True,False,1,0,0
2733,1,True,False,1,0,0
2734,1,True,False,1,0,0
2735,1,True,False,1,0,0
2736,1,True,False,1,0,0
2737,1,True,False,1,0,0
2738,1,True,False,1,0,0
2739,1,True,False,1,0,0
2740,1,True,False,1,0,0
2741,1,True,False,1,0,0
2742,1,True,False,1,0,0
2743,1,True,False,1,0,0
2744,1,True,False,1,0,0
2745,1,True,False,1,0,0
2746,1,True,False,1,0,0
2747,1,True,False,1,0,0
2748,1,True,False,1,0,0
2749,1,True,False,1,0,0
2750,1,True,False,1,0,0
2751,1,True,False,1,0,0
2752,1,True,False,1,0,0
2753,1,True,False,1,0,0
2754,1,True,False,1,0,0
2755,1,True,False,1,0,0
2756,1,True,False,1,0,0
2757,1,True,False,1,0,0
2758,1,True,False,1,0,0
2759,1,True,False,1,0,0
2760,1,True,False,1,0,0
2761,1,True,False,1,0,0
2762,1,True,False,1,0,0
2763,1,True,False,1,0,0
2764,1,True,False,1,0,0
2765,1,True,False,1,0,0
2766,1,True,False,1,0,0
2767,1,True,False,1,0,0
2768,1,True,False,1,0,0
2769,1,True,False,1,0,0
2770,1,True,False,1,0,0
2771,1,True,False,1,0,0
2772,1,True,False,1,0,0
2773,1,True,False,1,0,0
2774,1,True,False,1,0,0
2775,1,True,False,1,0,0
2776,1,True,False,1,0,0
2777,1,True,False,1,0,0
2778,1,True,False,1,0,0
2779,1,True,False,1,0,0
2780,1,True,False,1,0,0
2781,1,True,False,1,0,0
2782,1,True,False,1,0,0
2783,1,True,False,1,0,0
2784,1,True,False,1,0,0
2785,1,True,False,1,0,0
2786,1,True,False,1,0,0
2787,1,True,False,1,0,0
2788,1,True,False,1,0,0
2789,1,True,False,1,0,0
2790,1,True,False,1,0,0
2791,1,True,False,1,0,0
2792,1,True,False,1,0,0
2793,1,True,False,1,0,0
2794,1,True,False,1,0,0
2795,1,True,False,1,0,0
2796,1,True,False,1,0,0
2797,1,True,False,1,0,0
2798,1,True,False,1,0,0
2799,1,True,False,1,0,0
2800,1,True,False,1,0,0
2801,1,True,False,1,0,0
2802,1,True,False,1,0,0
2803,1,True,False,1,0,0
2804,1,True,False,1,0,0
2805,1,True,False,1,0,0
2806,1,True,False,1,0,0
2807,1,True,False,1,0,0
2808,1,True,False,1,0,0
2809,1,True,False,1,0,0
2810,1,True,False,1,0,0
2811,1,True,False,1,0,0
2812,1,True,False,1,0,0
2813,1,True,False,1,0,0
2814,1,True,False,1,0,0
2815,1,True,False,1,0,0
2816,1,True,False,1,0,0
2817,1,True,False,1,0,0
2818,1,True,False,1,0,0
2819,1,True,False,1,0,0
2820,1,True,False,1,0,0
2821,1,True,False,1,0,0
2822,1,True,False,1,0,0
2823,1,True,False,1,0,0
2824,1,True,False,1,0,0
2825,1,True,False,1,0,0
2826,1,True,False,1,0,0
2827,1,True,False,1,0,0
2828,1,True,False,1,0,0
2829,1,True,False,1,0,0
2830,1,True,False,1,0,0
2831,1,True,False,1,0,0
2832,1,True,False,1,0,0
2833,1,True,False,1,0,0
2834,1,True,False,1,0,0
2835,1,True,False,1,0,0
2836,1,True,False,1,0,0
2837,1,True,False,1,0,0
2838,1,True,False,1,0,0
2839,1,True,False,1,0,0
2840,1,True,False,1,0,0
2841,1,True,False,1,0,0
2842,1,True,False,1,0,0
2843,1,True,False,1,0,0
2844,1,True,False,1,0,0
2845,1,True,False,1,0,0
2846,1,True,False,1,0,0
2847,1,True,False,1,0,0
2848,1,True,False,1,0,0
2849,1,True,False,1,0,0
2850,1,True,False,1,0,0
2851,1,True,False,1,0,0
2852,1,True,False,1,0,0
2853,1,True,False,1,0,0
2854,1,True,False,1,0,0
2855,1,True,False,1,0,0
2856,1,True,False,1,0,0
2857,1,True,False,1,0,0
2858,1,True,False,1,0,0
2859,1,True,False,1,0,0
2860,1,True,False,1,0,0
2861,1,True,False,1,0,0
2862,1,True,False,1,0,0
2863,1,True,False,1,0,0
2864,1,True,False,1,0,0
2865,1,True,False,1,0,0
2866,1,True,False,1,0,0
2867,1,True,False,1,0,0
2868,1,True,False,1,0,0
2869,1,True,False,1,0,0
2870,1,True,False,1,0,0
2871,1,True,False,1,0,0
2872,1,True,False,1,0,0
2873,1,True,False,1,0,0
2874,1,True,False,1,0,0
2875,1,True,False,1,0,0
2876,1,True,False,1,0,0
2877,1,True,False,1,0,0
2878,1,True,False,1,0,0
2879,1,True,False,1,0,0
2880,1,True,False,1,0,0
2881,1,True,False,1,0,0
2882,1,True,False,1,0,0
2883,1,True,False,1,0,0
2884,1,True,False,1,0,0
2885,1,True,False,1,0,0
2886,1,True,False,1,0,0
2887,1,True,False,1,0,0
2888,1,True,False,1,0,0
2889,1,True,False,1,0,0
2890,1,True,False,1,0,0
2891,1,True,False,1,0,0
2892,1,True,False,1,0,0
2893,1,True,False,1,0,0
2894,1,True,False,1,0,0
2895,1,True,False,1,0,0
2896,1,True,False,1,0,0
2897,1,True,False,1,0,0
2898,1,True,False,1,0,0
2899,1,True,False,1,0,0
2900,1,True,False,1,0,0
2901,1,True,False,1,0,0
2902,1,True,False,1,0,0
2903,1,True,False,1,0,0
2904,1,True,False,1,0,0
2905,1,True,False,1,0,0
2906,1,True,False,1,0,0
2907,1,True,False,1,0,0
2908,1,True,False,1,0,0
2909,1,True,False,1,0,0
2910,1,True,False,1,0,0
2911,1,True,False,1,0,0
2912,1,True,False,1,0,0
2913,1,True,False,1,0,0
2914,1,True,False,1,0,0
2915,1,True,False,1,0,0
2916,1,True,False,1,0,0
2917,1,True,False,1,0,0
2918,1,True,False,1,0,0
2919,1,True,False,1,0,0
2920,1,True,False,1,0,0
2921,1,True,False,1,0,0
2922,1,True,False,1,0,0
2923,1,True,False,1,0,0
2924,1,True,False,1,0,0
2925,1,True,False,1,0,0
2926,1,True,False,1,0,0
2927,1,True,False,1,0,0
2928,1,True,False,1,0,0
2929,1,True,False,1,0,0
2930,1,True,False,1,0,0
2931,1,True,False,1,0,0
2932,1,True,False,1,0,0
2933,1,True,False,1,0,0
2934,1,True,False,1,0,0
2935,1,True,False,1,0,0
2936,1,True,False,1,0,0
2937,1,True,False,1,0,0
2938,1,True,False,1,0,0
2939,1,True,False,1,0,0
2940,1,True,False,1,0,0
2941,1,True,False,1,0,0
2942,1,True,False,1,0,0
2943,1,True,False,1,0,0
2944,1,True,False,1,0,0
2945,1,True,False,1,0,0
2946,1,True,False,1,0,0
2947,1,True,False,1,0,0
2948,1,True,False,1,0,0
2949,1,True,False,1,0,0
2950,1,True,False,1,0,0
2951,1,True,False,1,0,0
2952,1,True,False,1,0,0
2953,1,True,False,1,0,0
2954,1,True,False,1,0,0
2955,1,True,False,1,0,0
2956,1,True,False,1,0,0
2957,1,True,False,1,0,0
2958,1,True,False,1,0,0
2959,1,True,False,1,0,0
2960,1,True,False,1,0,0
2961,1,True,False,1,0,0
2962,1,True,False,1,0,0
2963,1,True,False,1,0,0
2964,1,True,False,1,0,0
2965,1,True,False,1,0,0
2966,1,True,False,1,0,0
2967,1,True,False,1,0,0
2968,1,True,False,1,0,0
2969,1,True,False,1,0,0
2970,1,True,False,1,0,0
2971,1,True,False,1,0,0
2972,1,True,False,1,0,0
2973,1,True,False,1,0,0
2974,1,True,False,1,0,0
2975,1,True,False,1,0,0
2976,1,True,False,1,0,0
2977,1,True,False,1,0,0
2978,1,True,False,1,0,0
2979,1,True,False,1,0,0
2980,1,True,False,1,0,0
2981,1,True,False,1,0,0
2982,1,True,False,1,0,0
2983,1,True,False,1,0,0
2984,1,True,False,1,0,0
2985,1,True,False,1,0,0
2986,1,True,False,1,0,0
2987,1,True,False,1,0,0
2988,1,True,False,1,0,0
2989,1,True,False,1,0,0
2990,1,True,False,1,0,0
2991,1,True,False,1,0,0
2992,1,True,False,1,0,0
2993,1,True,False,1,0,0
2994,1,True,False,1,0,0
2995,1,True,False,1,0,0
2996,1,True,False,1,0,0
2997,1,True,False,1,0,0
2998,1,True,False,1,0,0
2999,1,True,False,1,0,0
3000,1,True,False,1,0,0
3001,1,True,False,1,0,0
3002,1,True,False,1,0,0
3003,1,True,False,1,0,0
3004,1,True,False,1,0,0
3005,1,True,False,1,0,0
3006,1,True,False,1,0,0
3007,1,True,False,1,0,0
3008,1,True,False,1,0,0
3009,1,True,False,1,0,0
3010,1,True,False,1,0,0
3011,1,True,False,1,0,0
3012,1,True,False,1,0,0
3013,0,False,False,0,0,1
3014,0,False,False,0,0,1
3015,0,False,False,0,0,1
3016,0,False,False,0,1,1
3017,0,False,False,0,0,1
3018,0,False,False,0,0,1
3019,0,False,False,0,0,1
3020,0,False,False,0,1,1
3021,0,False,False,0,0,1
3022,0,False,False,0,0,1
3023,0,False,False,0,1,1
3024,0,False,False,0,1,1
3025,0,False,False,0,0,1
3026,0,False,False,0,0,1
3027,0,False,False,0,0,1
3028,0,False,False,0,0,1
3029,0,False,False,0,0,1
3030,0,False,False,0,0,1
3031,0,False,False,0,0,1
3032,0,False,False,0,0,1
3033,0,False,False,0,0,1
3034,0,False,False,0,0,1
3035,0,False,False,0,0,1
3036,0,False,False,0,0,1
3037,0,False,False,0,0,1
3038,0,False,False,0,0,1
3039,0,False,False,0,0,1
3040,0,False,False,0,0,1
3041,0,False,False,0,1,1
3042,0,False,False,0,0,1
3043,0,False,False,0,0,1
3044,0,False,False,0,0,1
3045,0,False,False,0,0,1
3046,0,False,False,0,0,1
3047,0,False,False,0,0,1
3048,0,False,False,0,0,1
3049,0,False,False,0,1,1
3050,0,False,False,0,0,1
3051,0,False,False,0,0,1
3052,0,False,False,0,0,1
3053,0,False,False,0,0,1
3054,0,False,False,0,0,1
3055,0,False,False,0,0,1
3056,0,False,False,0,0,1
3057,0,False,False,0,0,1
3058,0,False,False,0,0,1
3059,0,False,False,0,0,1
3060,0,False,False,0,0,1
3061,0,False,False,0,0,1
3062,0,False,False,0,0,1
3063,0,False,False,0,0,1
3064,0,False,False,0,0,1
3065,0,False,False,0,0,1
3066,0,False,False,0,0,1
3067,0,False,False,0,0,1
3068,0,False,False,0,0,1
3069,0,False,False,0,0,1
3070,0,False,False,0,0,1
3071,0,False,False,0,0,1
3072,0,False,False,0,0,1
3073,0,False,False,0,0,1
3074,0,False,False,0,0,1
3075,0,False,False,0,0,1
3076,0,False,False,0,0,1
3077,0,False,False,0,0,1
3078,0,False,False,0,0,1
3079,0,False,False,0,0,1
3080,0,False,False,0,0,1
3081,0,False,False,0,0,1
3082,0,False,False,0,0,1
3083,0,False,False,0,0,1
3084,0,False,False,0,0,1
3085,0,False,False,0,0,1
3086,0,False,False,0,0,1
3087,0,False,False,0,0,1
3088,0,False,False,0,0,1
3089,0,False,False,0,0,1
3090,0,False,False,0,0,1
3091,0,False,False,0,0,1
3092,0,False,False,0,0,1
3093,0,False,False,0,1,1
3094,0,False,False,0,1,1
3095,0,False,False,0,0,1
3096,0,False,False,0,0,1
3097,0,False,False,0,0,1
3098,0,False,False,0,0,1
3099,0,False,False,0,0,1
3100,0,False,False,0,0,1
3101,0,False,False,0,0,1
3102,0,False,False,0,0,1
3103,0,False,False,0,0,1
3104,0,False,False,0,0,1
3105,0,False,False,0,1,1
3106,0,False,False,0,0,1
3107,0,False,False,0,0,1
3108,0,False,False,0,0,1
3109,0,False,False,0,0,1
3110,0,False,False,0,0,1
3111,0,False,False,0,1,1
3112,0,False,False,0,0,1
3113,0,False,False,0,0,1
3114,0,False,False,0,1,1
3115,0,False,False,0,0,1
3116,0,False,False,0,0,1
3117,0,False,False,0,0,1
3118,0,False,False,0,0,1
3119,0,False,False,0,0,1
3120,0,False,False,0,0,1
3121,0,False,False,0,0,1
3122,0,False,False,0,0,1
3123,0,False,False,0,0,1
3124,0,False,False,0,0,1
3125,1,True,False,1,1,0
3126,1,True,False,1,1,0
3127,1,True,False,1,0,0
3128,1,True,False,1,0,0
3129,1,True,False,1,0,0
3130,1,True,False,1,1,0
3131,1,True,False,1,0,0
3132,1,True,False,1,1,0
3133,1,True,False,1,0,0
3134,1,True,False,1,0,0
3135,1,True,False,1,0,0
3136,1,True,False,1,0,0
3137,1,True,False,1,1,0
3138,1,True,False,1,1,0
3139,1,True,False,1,1,0
3140,1,True,False,1,0,0
3141,1,True,False,1,0,0
3142,1,True,False,1,1,0
3143,1,True,False,1,0,0
3144,1,True,False,1,1,0
3145,1,True,False,1,1,0
3146,1,True,False,1,0,0
3147,1,True,False,1,0,0
3148,1,True,False,1,0,0
3149,1,True,False,1,1,0
3150,1,True,False,1,0,0
3151,1,True,False,1,0,0
3152,1,True,False,1,1,0
3153,1,True,False,1,0,0
3154,1,True,False,1,0,0
3155,1,True,False,1,0,0
3156,1,True,False,1,0,0
3157,1,True,False,1,0,0
3158,1,True,False,1,1,0
3159,1,True,False,1,1,0
3160,1,True,False,1,0,0
3161,1,True,False,1,0,0
3162,1,True,False,1,0,0
3163,1,True,False,1,0,0
3164,1,True,False,1,0,0
3165,1,True,False,1,0,0
3166,1,True,False,1,0,0
3167,1,True,False,1,0,0
